strata,n_eligible,n_sample,F_16,F_25,F_35,F_45,F_55,F_65,M_16,M_25,M_35,M_45,M_55,M_65,GP_cluster,HSCP_id,HB,region
10002,6324,410,263,413,476,628,594,846,315,370,454,546,602,817,141,,NHS Tayside,
10017,5552,456,275,318,298,489,476,917,320,360,310,505,481,803,239,,NHS Tayside,
10036,3999,493,157,217,221,347,386,667,179,260,251,348,369,597,213,,NHS Tayside,
10106,5168,410,206,248,367,444,448,1046,212,251,315,418,413,800,139,,NHS Tayside,
10125,3633,391,124,220,189,319,379,613,165,223,207,303,351,540,240,,NHS Tayside,
10182,7652,589,420,547,504,679,630,1217,413,577,533,653,596,883,107,,NHS Tayside,
10233,5301,577,312,422,404,472,397,701,285,422,426,490,426,544,107,,NHS Tayside,
10286,3605,597,209,287,256,336,283,490,199,298,285,317,259,386,107,,NHS Tayside,
10322,6075,647,326,446,492,468,544,824,354,469,487,468,505,692,107,,NHS Tayside,
10361,8340,496,432,472,556,799,783,1205,424,531,571,708,737,1122,239,,NHS Tayside,
10407,6476,484,240,323,395,522,590,1300,279,356,373,466,551,1081,240,,NHS Tayside,
10445,3017,595,126,269,190,238,260,461,131,240,197,230,260,415,240,,NHS Tayside,
10498,7312,498,351,532,459,600,697,1038,416,539,516,611,685,868,211,,NHS Tayside,
10553,2759,457,102,183,211,271,255,408,145,175,192,234,244,339,179,,NHS Tayside,
10638,10844,482,468,684,829,909,1008,1715,512,699,756,856,887,1521,108,,NHS Tayside,
10708,2229,359,74,60,113,185,190,512,89,106,113,173,204,410,239,,NHS Tayside,
10746,4912,470,233,284,333,409,453,736,236,335,336,383,492,682,240,,NHS Tayside,
10835,3497,537,154,229,224,335,302,566,210,239,210,291,270,467,239,,NHS Tayside,
11005,4028,737,215,398,299,289,329,427,234,377,364,347,356,393,138,,NHS Tayside,
11058,6887,898,984,822,367,365,401,574,690,836,461,439,393,555,141,,NHS Tayside,
11096,3920,597,175,334,272,300,336,504,199,334,304,343,397,422,140,,NHS Tayside,
11128,7404,728,411,650,557,641,621,931,431,616,606,658,588,694,139,,NHS Tayside,
11166,7019,801,405,622,518,546,596,879,365,667,553,562,622,684,140,,NHS Tayside,
11171,8919,572,461,846,721,727,744,1145,474,820,692,696,696,897,141,,NHS Tayside,
11289,7284,805,523,704,531,521,562,783,554,722,614,571,566,633,139,,NHS Tayside,
11306,7611,420,350,430,525,678,700,1446,345,454,496,591,614,982,139,,NHS Tayside,
11363,10458,927,1978,1219,573,450,488,715,1322,1319,745,552,502,595,141,,NHS Tayside,
11382,8173,846,518,796,598,650,650,875,522,870,697,676,612,709,138,,NHS Tayside,
11414,4943,904,878,508,309,266,310,358,529,527,348,299,303,308,141,,NHS Tayside,
11486,6020,759,360,638,452,485,485,628,359,571,500,491,494,557,138,,NHS Tayside,
11645,6841,996,384,601,571,611,584,741,436,659,539,564,563,588,138,,NHS Tayside,
11650,5037,666,257,486,395,413,427,589,246,452,399,407,434,532,138,,NHS Tayside,
11823,6881,677,388,640,559,579,547,778,406,617,581,582,527,677,140,,NHS Tayside,
11861,7109,736,536,626,461,497,488,819,528,840,590,521,532,671,140,,NHS Tayside,
11931,5486,624,265,392,407,491,503,712,300,476,399,493,492,556,138,,NHS Tayside,
12210,2830,691,184,247,229,226,268,383,132,221,242,233,243,222,140,,NHS Tayside,
12281,7564,991,1090,884,436,412,359,581,780,1038,608,488,407,481,141,,NHS Tayside,
12831,3255,998,194,307,242,249,267,319,208,303,269,277,303,317,140,,NHS Tayside,
12901,2121,924,144,300,227,161,140,163,125,252,201,159,125,124,138,,NHS Tayside,
13049,3411,376,159,194,215,339,310,531,143,209,221,304,294,492,213,,NHS Tayside,
13091,2061,351,84,107,128,188,189,334,95,123,134,180,188,311,211,,NHS Tayside,
13142,2356,425,78,164,201,255,199,320,83,145,186,201,211,313,179,,NHS Tayside,
13195,3057,448,135,208,199,251,275,524,142,184,189,222,269,459,212,,NHS Tayside,
13231,8137,516,331,500,564,696,701,1225,414,550,575,760,729,1092,212,,NHS Tayside,
13284,5330,450,258,352,382,482,479,840,256,355,317,420,466,723,212,,NHS Tayside,
13335,3075,414,147,150,212,291,299,468,141,168,174,270,294,461,107,,NHS Tayside,
13369,1465,468,56,126,144,129,83,194,88,113,147,138,104,143,140,,NHS Tayside,
13481,8092,441,413,426,533,800,807,1210,398,434,468,767,745,1091,179,,NHS Tayside,
13496,2810,429,126,194,188,291,278,364,128,153,198,257,243,390,179,,NHS Tayside,
13532,7349,475,343,474,476,660,682,1120,407,451,509,629,655,943,212,,NHS Tayside,
13571,8168,438,326,479,610,706,670,1515,392,461,561,642,623,1183,108,,NHS Tayside,
13621,5516,504,278,387,414,490,467,822,284,399,372,484,450,669,211,,NHS Tayside,
13660,3806,586,191,260,284,355,339,445,228,298,274,357,333,442,211,,NHS Tayside,
13706,4928,532,222,320,366,424,447,673,253,369,399,445,412,598,211,,NHS Tayside,
13848,5153,543,243,387,391,468,456,695,261,389,394,449,426,594,225,,NHS Tayside,
13891,7445,578,431,599,563,622,650,1044,364,608,596,589,575,804,225,,NHS Tayside,
13941,8600,570,413,704,680,814,694,1163,442,655,672,768,650,945,225,,NHS Tayside,
13975,2927,747,196,270,259,243,205,333,173,289,272,252,186,249,225,,NHS Tayside,
14037,11001,481,588,656,704,957,1005,1798,636,677,764,853,916,1447,225,,NHS Tayside,
14249,5713,715,304,518,466,438,429,641,357,540,522,476,463,559,225,,NHS Tayside,
14291,7419,795,375,596,531,618,629,992,398,620,573,641,643,803,225,,NHS Tayside,
14342,5170,585,243,480,376,435,409,692,314,447,447,406,409,512,225,,NHS Tayside,
14501,4332,487,175,276,240,328,416,799,132,308,272,299,408,679,213,,NHS Tayside,
14569,3373,530,136,195,241,331,301,495,172,210,239,306,301,446,213,,NHS Tayside,
16013,2965,586,152,202,205,281,243,388,150,199,224,282,302,337,119,,NHS Borders,
16032,5662,543,262,327,317,523,558,929,286,357,308,462,539,794,120,,NHS Borders,
16047,974,371,32,50,44,67,93,176,53,41,38,90,103,187,121,,NHS Borders,
16051,5730,473,227,306,368,551,548,965,284,296,325,490,536,834,119,,NHS Borders,
16066,5368,468,225,339,339,452,535,778,243,369,336,461,539,752,120,,NHS Borders,
16085,6152,619,268,332,363,533,564,1080,324,396,336,493,543,920,121,,NHS Borders,
16121,3860,423,150,226,275,401,366,571,171,230,230,366,360,514,122,,NHS Borders,
16136,9995,495,393,530,572,855,994,1855,413,550,564,758,911,1600,120,,NHS Borders,
16141,5261,531,247,317,303,491,488,867,249,374,322,466,435,702,121,,NHS Borders,
16160,4825,470,211,275,370,493,445,721,261,255,326,473,416,579,122,,NHS Borders,
16174,3087,407,158,156,239,319,330,385,158,157,238,305,278,364,122,,NHS Borders,
16193,2582,594,131,206,177,220,207,328,148,246,228,227,207,257,119,,NHS Borders,
16206,2417,465,73,128,115,175,264,496,88,108,137,173,236,424,120,,NHS Borders,
16211,4830,562,199,267,304,451,425,799,237,284,339,495,370,660,122,,NHS Borders,
16230,4072,684,254,327,308,345,349,551,195,297,318,341,331,456,119,,NHS Borders,
16244,1648,715,139,120,147,142,125,154,107,129,155,146,143,141,119,,NHS Borders,
16259,4154,603,286,339,294,370,331,532,247,350,307,312,351,435,119,,NHS Borders,
16475,1144,453,46,67,59,106,113,172,75,61,66,107,118,154,120,,NHS Borders,
16507,5230,535,252,337,307,448,502,869,223,328,326,424,466,748,120,,NHS Borders,
16545,9380,568,476,611,585,777,841,1438,436,609,640,821,860,1286,121,,NHS Borders,
16550,3571,467,134,181,285,408,348,440,189,192,240,387,345,422,119,,NHS Borders,
16564,2614,485,132,130,178,234,252,404,146,119,159,249,228,383,119,,NHS Borders,
16583,2649,407,122,153,178,235,260,412,113,156,212,225,248,335,120,,NHS Borders,
18057,2399,669,102,170,166,189,220,319,136,206,167,204,224,296,251,,NHS Dumfries & Galloway,
18095,4073,687,181,275,260,351,394,657,195,241,250,337,365,567,251,,NHS Dumfries & Galloway,
18112,649,324,30,22,14,41,68,135,26,40,27,41,74,131,251,,NHS Dumfries & Galloway,
18151,3286,493,155,191,193,272,331,569,134,174,183,283,278,523,251,,NHS Dumfries & Galloway,
18184,5664,467,215,393,320,494,557,911,295,390,334,430,485,840,237,,NHS Dumfries & Galloway,
18199,5449,397,170,271,301,406,539,1113,217,322,272,415,509,914,237,,NHS Dumfries & Galloway,
18216,3366,368,143,186,210,286,322,617,171,216,171,253,290,501,237,,NHS Dumfries & Galloway,
18235,1564,308,35,61,76,139,174,280,58,88,78,113,200,262,237,,NHS Dumfries & Galloway,
18240,4153,492,158,167,211,309,393,826,199,209,249,305,406,721,237,,NHS Dumfries & Galloway,
18254,2369,383,92,147,131,205,257,356,120,147,149,200,240,325,137,,NHS Dumfries & Galloway,
18273,5753,559,258,360,459,543,504,831,294,412,424,559,457,652,137,,NHS Dumfries & Galloway,
18288,2983,509,130,235,208,317,237,313,175,226,241,347,272,282,137,,NHS Dumfries & Galloway,
18305,7800,549,400,577,455,685,764,1133,407,587,508,663,680,941,137,,NHS Dumfries & Galloway,
18310,10615,506,476,883,795,892,939,1510,508,842,790,882,850,1248,137,,NHS Dumfries & Galloway,
18324,3729,550,194,263,229,308,355,545,194,265,228,319,296,533,137,,NHS Dumfries & Galloway,
18339,3204,409,145,180,184,301,309,567,151,132,161,269,313,492,137,,NHS Dumfries & Galloway,
18343,3372,405,116,191,188,282,359,554,138,215,195,293,302,539,137,,NHS Dumfries & Galloway,
18358,3831,491,161,300,264,319,345,560,200,287,279,325,303,488,109,,NHS Dumfries & Galloway,
18377,4915,403,191,239,286,423,474,873,238,258,267,400,467,799,109,,NHS Dumfries & Galloway,
18396,4479,426,141,203,239,403,471,770,200,263,233,375,444,737,109,,NHS Dumfries & Galloway,
18409,5283,480,224,346,312,424,528,816,261,381,312,433,536,710,109,,NHS Dumfries & Galloway,
18413,6143,519,289,405,400,570,521,915,303,452,422,533,530,803,109,,NHS Dumfries & Galloway,
18428,3778,504,183,252,271,274,359,583,176,258,222,325,363,512,109,,NHS Dumfries & Galloway,
18432,1426,353,61,77,72,137,149,233,57,70,72,129,144,225,109,,NHS Dumfries & Galloway,
18447,2465,408,82,105,141,236,233,416,93,127,165,232,233,402,109,,NHS Dumfries & Galloway,
18451,2258,340,97,114,138,193,217,371,100,122,132,204,225,345,109,,NHS Dumfries & Galloway,
18560,10044,647,553,746,677,831,923,1406,489,831,605,864,902,1217,137,,NHS Dumfries & Galloway,
18574,1932,408,74,117,120,169,215,316,77,84,100,146,219,295,251,,NHS Dumfries & Galloway,
18589,1542,380,61,83,106,119,153,252,75,73,90,151,149,230,251,,NHS Dumfries & Galloway,
18593,3804,555,173,230,255,300,352,671,208,230,206,290,328,561,251,,NHS Dumfries & Galloway,
18611,2632,393,90,136,124,190,279,485,123,157,103,192,267,486,251,,NHS Dumfries & Galloway,
18625,3898,478,151,238,219,307,369,708,164,229,231,307,342,633,251,,NHS Dumfries & Galloway,
20004,5314,507,189,317,341,446,512,929,259,330,327,415,483,766,210,,NHS Fife,
20057,4763,511,176,279,285,440,487,766,225,264,290,411,456,684,210,,NHS Fife,
20108,6312,634,388,492,449,564,535,818,311,477,456,581,553,688,183,,NHS Fife,
20151,4215,575,183,242,356,404,401,586,224,255,314,414,366,470,180,,NHS Fife,
20184,1590,529,77,125,117,122,130,215,55,119,127,144,136,223,180,,NHS Fife,
20254,2515,881,136,184,182,214,240,348,131,181,167,209,214,309,130,,NHS Fife,
20305,9101,837,465,795,718,797,718,1144,451,764,717,849,745,938,130,,NHS Fife,
20358,3479,651,174,257,263,347,285,450,173,266,249,323,299,393,130,,NHS Fife,
20409,6508,440,279,363,395,567,617,1143,289,403,373,553,595,931,210,,NHS Fife,
20413,6295,528,311,384,458,607,545,940,334,394,452,593,549,728,210,,NHS Fife,
20451,8722,582,392,741,696,797,673,1213,421,718,703,795,618,955,142,,NHS Fife,
20466,9744,580,436,624,775,936,788,1344,491,698,783,950,795,1124,142,,NHS Fife,
20471,7076,657,384,525,537,649,669,865,365,542,599,591,656,694,142,,NHS Fife,
20485,7304,602,385,581,574,694,619,830,401,549,612,706,648,705,142,,NHS Fife,
20490,8671,555,409,702,653,837,777,1072,447,667,719,801,738,849,142,,NHS Fife,
20502,6056,813,257,770,995,525,304,331,268,552,908,605,292,249,142,,NHS Fife,
20606,8345,672,475,673,654,736,695,1064,472,661,618,759,676,862,163,,NHS Fife,
20611,6653,728,321,481,580,570,662,829,352,486,562,534,592,684,163,,NHS Fife,
20630,4838,676,291,433,385,468,385,558,290,415,389,407,372,445,163,,NHS Fife,
20659,7410,711,372,588,541,634,612,993,407,590,605,635,596,837,163,,NHS Fife,
20663,7141,613,363,508,517,621,688,949,397,504,585,575,604,830,163,,NHS Fife,
20729,3512,640,161,234,251,342,328,494,175,225,244,329,328,401,235,,NHS Fife,
20752,14742,564,614,882,1110,1366,1249,2196,749,939,1059,1443,1281,1854,235,,NHS Fife,
20803,5828,787,292,459,461,512,503,748,312,449,418,550,486,638,130,,NHS Fife,
20856,3230,793,183,241,228,276,280,458,193,226,217,290,263,375,183,,NHS Fife,
20907,2769,531,112,143,181,266,281,472,110,145,157,244,264,394,180,,NHS Fife,
20950,5242,621,239,345,383,468,441,818,269,400,412,441,405,621,180,,NHS Fife,
20964,5600,641,299,408,428,527,460,759,303,459,425,510,443,579,180,,NHS Fife,
20979,6959,678,336,561,530,611,592,1015,344,533,571,586,534,746,180,,NHS Fife,
20983,6196,571,358,496,469,539,530,821,341,458,470,552,513,649,180,,NHS Fife,
20998,9237,772,468,721,696,753,769,1233,443,763,804,855,763,969,180,,NHS Fife,
21007,6130,708,289,604,464,452,489,793,295,552,554,522,448,668,180,,NHS Fife,
21011,5089,581,263,481,370,423,405,629,263,518,400,419,384,534,180,,NHS Fife,
21101,3887,476,182,187,247,387,393,590,188,243,205,339,394,532,210,,NHS Fife,
21153,5263,620,274,382,380,461,456,754,238,394,355,462,472,635,163,,NHS Fife,
21204,3189,462,149,200,235,319,321,452,176,201,188,278,305,365,210,,NHS Fife,
21257,7110,653,343,441,437,582,704,1208,338,447,403,607,623,977,183,,NHS Fife,
21276,3330,598,154,236,225,328,301,522,193,237,194,262,277,401,183,,NHS Fife,
21308,2383,428,96,127,188,233,238,352,113,116,166,249,231,274,235,,NHS Fife,
21384,4095,697,200,364,277,364,374,524,209,325,276,379,368,435,130,,NHS Fife,
21421,3487,935,215,303,283,324,269,423,213,256,241,330,266,364,130,,NHS Fife,
21435,2788,757,157,255,233,252,265,342,156,255,190,200,214,269,130,,NHS Fife,
21440,1797,587,95,140,154,180,157,183,86,145,128,159,177,193,130,,NHS Fife,
21454,4880,532,222,283,352,463,447,687,246,286,323,472,481,618,163,,NHS Fife,
21505,5032,788,292,376,370,418,458,613,298,385,374,415,428,605,183,,NHS Fife,
21524,6695,673,318,568,465,567,612,865,328,524,445,619,634,750,183,,NHS Fife,
21558,3195,449,118,163,216,304,326,485,165,183,214,278,288,455,179,,NHS Fife,
21609,7952,494,330,493,540,725,770,1278,387,471,505,659,704,1090,210,,NHS Fife,
21651,3305,649,142,235,255,285,343,389,153,272,254,283,325,369,235,,NHS Fife,
21666,3299,621,156,237,237,284,318,419,167,218,246,306,318,393,235,,NHS Fife,
21736,4287,464,161,240,254,364,406,779,197,235,231,331,398,691,210,,NHS Fife,
21755,7171,639,369,583,674,706,594,785,364,527,622,727,565,655,142,,NHS Fife,
21760,4916,754,271,436,392,437,472,484,284,428,408,440,415,449,235,,NHS Fife,
21825,7332,827,1829,518,248,274,293,645,1209,842,362,297,318,497,210,,NHS Fife,
21830,13311,962,3059,760,519,601,772,1498,2091,957,547,582,701,1224,210,,NHS Fife,
25027,8654,749,471,756,727,767,709,994,531,710,703,795,707,784,126,,NHS Forth Valley,
25031,5956,787,342,502,441,605,511,654,338,480,421,595,516,551,126,,NHS Forth Valley,
25046,10526,611,540,726,780,949,978,1509,539,735,748,918,825,1279,126,,NHS Forth Valley,
25051,2394,432,140,132,176,259,224,314,141,129,151,204,234,290,249,,NHS Forth Valley,
25065,2041,454,107,103,164,206,177,280,99,109,146,190,184,276,249,,NHS Forth Valley,
25070,3616,626,177,292,264,312,321,495,176,288,287,345,294,365,118,,NHS Forth Valley,
25084,6923,629,271,525,522,602,623,965,348,533,537,577,569,851,118,,NHS Forth Valley,
25099,2723,669,132,205,249,219,240,350,129,167,241,258,237,296,118,,NHS Forth Valley,
25101,5684,494,231,289,417,568,457,940,320,334,431,520,404,773,214,,NHS Forth Valley,
25116,1760,477,90,106,91,170,155,268,98,107,111,170,175,219,214,,NHS Forth Valley,
25121,1968,539,78,111,128,199,175,333,92,119,144,166,162,261,214,,NHS Forth Valley,
25135,5850,540,292,380,379,525,558,825,291,383,397,500,548,772,126,,NHS Forth Valley,
25169,4918,850,254,445,372,479,431,542,274,415,365,437,413,491,238,,NHS Forth Valley,
25173,4221,756,227,322,332,411,323,507,271,292,322,448,345,421,134,,NHS Forth Valley,
25188,8148,679,411,680,705,760,641,978,455,636,692,756,618,816,134,,NHS Forth Valley,
25192,4037,654,224,327,287,433,367,447,232,301,287,374,380,378,134,,NHS Forth Valley,
25205,6868,693,344,483,552,676,589,833,378,530,536,620,588,739,134,,NHS Forth Valley,
25210,4088,389,219,143,254,443,394,630,221,190,231,421,387,555,126,,NHS Forth Valley,
25224,3322,514,185,198,267,287,310,438,173,214,267,290,304,389,214,,NHS Forth Valley,
25243,8236,421,477,364,557,903,692,1224,482,437,529,841,701,1029,214,,NHS Forth Valley,
25262,6621,688,349,570,478,580,531,772,346,587,603,644,478,683,157,,NHS Forth Valley,
25277,2109,518,105,112,159,179,157,334,105,132,176,216,192,242,157,,NHS Forth Valley,
25281,9159,713,452,618,667,876,840,1210,459,727,650,831,843,986,157,,NHS Forth Valley,
25309,4742,731,223,389,338,453,392,617,251,330,378,432,420,519,157,,NHS Forth Valley,
25313,6989,544,358,520,525,613,576,931,363,575,569,674,559,726,157,,NHS Forth Valley,
25332,7224,548,336,576,484,646,717,1029,342,551,530,655,637,721,118,,NHS Forth Valley,
25347,3749,383,186,172,224,360,383,602,211,192,212,356,340,511,249,,NHS Forth Valley,
25351,1261,484,34,77,92,94,138,187,67,88,93,90,125,176,214,,NHS Forth Valley,
25366,1808,384,80,95,98,169,174,265,101,99,98,175,177,277,249,,NHS Forth Valley,
25390,5065,586,227,350,468,552,410,664,298,326,394,488,383,505,236,,NHS Forth Valley,
25402,3825,658,195,353,387,304,308,367,160,348,390,357,308,348,236,,NHS Forth Valley,
25441,6048,537,296,465,473,582,497,876,262,414,489,519,460,715,234,,NHS Forth Valley,
25455,8245,531,421,609,742,773,686,989,456,589,687,781,639,873,234,,NHS Forth Valley,
25460,9287,664,486,832,823,914,801,877,490,788,833,868,780,795,234,,NHS Forth Valley,
25474,1573,636,84,128,117,142,139,175,93,141,100,171,130,153,234,,NHS Forth Valley,
25506,5774,594,302,432,423,541,532,776,319,434,398,517,464,636,238,,NHS Forth Valley,
25525,3510,580,202,262,289,351,314,441,207,265,295,316,260,308,238,,NHS Forth Valley,
25544,6820,569,328,488,489,592,640,922,331,475,505,608,604,838,126,,NHS Forth Valley,
25582,6467,484,270,434,469,629,576,933,316,478,475,553,586,748,238,,NHS Forth Valley,
25597,2572,560,120,222,203,278,225,291,155,172,195,265,237,209,236,,NHS Forth Valley,
25600,5519,731,296,446,387,549,495,674,311,416,378,521,492,554,238,,NHS Forth Valley,
25648,5211,586,275,348,410,542,479,661,292,315,343,513,476,557,236,,NHS Forth Valley,
25652,3211,762,159,312,288,354,238,253,226,277,287,358,264,195,157,,NHS Forth Valley,
25671,4303,646,226,405,433,390,309,455,249,350,396,427,303,360,236,,NHS Forth Valley,
25686,2979,793,157,387,327,258,214,240,141,293,301,246,215,200,238,,NHS Forth Valley,
25691,1423,699,66,96,111,141,116,134,67,107,104,130,188,163,238,,NHS Forth Valley,
25737,7358,743,369,680,561,629,553,956,361,654,667,678,544,706,238,,NHS Forth Valley,
25864,7167,617,343,574,555,645,530,934,387,549,607,703,578,762,118,,NHS Forth Valley,
25883,3695,657,163,268,278,345,304,512,161,283,332,359,281,409,157,,NHS Forth Valley,
25898,1255,446,58,68,75,134,126,169,56,70,95,119,125,160,249,,NHS Forth Valley,
25968,1954,482,91,89,129,197,222,278,93,106,108,192,193,256,249,,NHS Forth Valley,
25972,5213,718,269,429,404,522,438,649,305,423,402,459,401,512,126,,NHS Forth Valley,
25991,2358,619,135,181,195,221,207,267,154,166,187,206,195,244,238,,NHS Forth Valley,
30030,8773,804,1074,900,559,455,542,846,713,1119,782,585,543,655,103,,NHS Grampian,
30059,8065,729,491,926,590,531,554,916,363,991,782,620,570,731,103,,NHS Grampian,
30078,14920,998,1871,2016,1107,807,724,853,1263,2224,1518,1013,807,717,101,,NHS Grampian,
30082,6055,621,306,718,541,409,382,558,225,779,744,529,455,409,103,,NHS Grampian,
30203,9598,641,474,1047,823,715,684,1190,482,980,921,769,643,870,101,,NHS Grampian,
30218,5986,589,251,505,503,519,506,653,260,519,575,605,501,589,104,,NHS Grampian,
30256,2826,726,158,420,271,238,177,176,135,367,350,229,147,158,102,,NHS Grampian,
30261,4751,640,297,551,424,350,357,493,209,453,464,388,373,392,101,,NHS Grampian,
30280,8305,519,316,629,697,737,635,1171,392,562,759,714,678,1015,102,,NHS Grampian,
30294,5478,971,314,672,523,421,344,355,318,697,624,488,410,312,103,,NHS Grampian,
30307,8603,389,332,545,669,751,832,1322,369,556,646,749,802,1030,104,,NHS Grampian,
30401,10533,637,530,1062,968,918,891,1056,484,1046,973,901,881,823,103,,NHS Grampian,
30504,15575,700,933,1904,1382,981,1055,1490,911,1882,1622,1139,1024,1252,102,,NHS Grampian,
30627,7658,760,638,943,470,411,452,626,403,1131,813,625,550,596,101,,NHS Grampian,
30701,11733,879,1073,1653,861,725,618,846,796,1707,1263,810,677,704,101,,NHS Grampian,
30909,8661,698,464,950,909,684,533,642,387,1022,1039,889,575,567,104,,NHS Grampian,
30951,7395,532,337,585,491,588,633,1120,310,603,594,613,620,901,103,,NHS Grampian,
30971,7742,614,363,760,699,599,623,838,344,759,769,702,613,673,103,,NHS Grampian,
31009,4774,561,236,384,510,477,362,460,250,367,480,485,382,381,104,,NHS Grampian,
31141,9524,674,552,1024,769,749,689,930,535,1062,945,784,701,784,101,,NHS Grampian,
31206,10116,464,410,755,786,843,939,1351,521,771,789,871,854,1226,102,,NHS Grampian,
31211,7972,551,307,695,745,729,566,958,354,641,775,770,618,814,102,,NHS Grampian,
31230,5743,384,219,248,483,531,538,925,252,290,427,509,542,779,104,,NHS Grampian,
31244,6526,520,290,379,549,647,586,881,358,350,544,658,574,710,104,,NHS Grampian,
31259,4083,524,184,361,348,397,333,430,198,380,338,383,346,385,102,,NHS Grampian,
31333,1576,579,236,132,125,117,122,173,164,121,87,92,95,112,104,,NHS Grampian,
31437,10148,491,474,685,651,955,852,1537,518,736,694,823,913,1310,112,,NHS Grampian,
31456,3911,430,155,226,234,346,367,647,212,251,252,333,338,550,112,,NHS Grampian,
31511,7875,657,412,593,579,686,645,1001,424,722,688,649,637,839,112,,NHS Grampian,
31531,5245,494,226,354,362,470,476,689,271,343,381,519,475,679,124,,NHS Grampian,
31545,6913,633,393,558,565,576,530,914,397,557,547,603,494,779,112,,NHS Grampian,
31601,2735,594,145,200,209,229,235,362,138,197,225,243,232,320,124,,NHS Grampian,
31615,3099,486,144,215,219,292,289,390,143,198,241,304,300,364,124,,NHS Grampian,
31620,7145,442,315,460,503,643,638,1032,387,461,517,622,665,902,124,,NHS Grampian,
31634,17930,592,983,1614,1354,1641,1425,2016,999,1670,1452,1567,1488,1721,124,,NHS Grampian,
31719,6994,473,334,470,606,720,592,723,386,503,608,705,671,676,159,,NHS Grampian,
31723,7206,446,304,454,527,646,610,1061,387,459,542,689,596,931,159,,NHS Grampian,
31808,4610,430,182,251,343,484,399,591,216,294,337,456,470,587,184,,NHS Grampian,
31812,620,393,34,32,46,55,69,83,29,32,16,84,63,77,184,,NHS Grampian,
31901,12802,638,574,898,989,1152,1203,1675,587,924,1044,1120,1145,1491,159,,NHS Grampian,
31916,4270,421,189,302,400,424,379,491,182,290,343,430,385,455,159,,NHS Grampian,
32001,5182,428,186,328,404,532,459,644,258,319,418,528,503,603,161,,NHS Grampian,
32021,19319,500,834,1474,1799,1754,1541,2417,943,1400,1764,1830,1541,2022,161,,NHS Grampian,
32035,5157,477,199,332,431,492,484,631,294,368,409,470,456,591,161,,NHS Grampian,
32092,6512,568,337,420,414,572,574,995,337,465,425,579,558,836,184,,NHS Grampian,
32209,12348,514,611,892,1157,1172,1082,1317,646,851,1131,1205,1044,1240,161,,NHS Grampian,
32290,5375,422,192,296,348,538,508,842,266,281,347,472,532,753,184,,NHS Grampian,
32317,1723,367,46,94,70,168,153,335,78,107,77,156,142,297,184,,NHS Grampian,
32321,572,312,16,43,42,34,58,90,31,34,39,45,53,87,184,,NHS Grampian,
32341,1654,331,73,79,130,185,147,226,77,96,112,150,163,216,184,,NHS Grampian,
32406,10264,427,403,573,757,963,908,1582,493,635,785,919,939,1307,184,,NHS Grampian,
32411,11909,530,531,998,1208,1070,1041,1115,569,1004,1273,1093,964,1043,178,,NHS Grampian,
32425,10794,514,470,658,794,1087,1031,1506,516,680,797,987,1034,1234,178,,NHS Grampian,
32500,1573,383,64,127,123,137,155,155,64,90,160,154,187,157,178,,NHS Grampian,
32514,4680,490,209,283,383,448,425,563,254,290,390,456,455,524,178,,NHS Grampian,
32529,4412,482,149,299,420,454,359,557,198,282,384,454,373,483,178,,NHS Grampian,
32586,7568,618,364,475,535,660,636,1208,418,513,486,678,644,951,187,,NHS Grampian,
32622,4969,523,212,335,328,414,475,773,229,331,354,393,471,654,187,,NHS Grampian,
32707,9349,529,426,819,770,881,783,1168,495,693,671,868,776,999,187,,NHS Grampian,
32711,3708,516,159,284,364,353,252,531,193,236,277,358,282,419,187,,NHS Grampian,
32750,3493,434,146,197,197,316,332,582,163,183,217,308,326,526,187,,NHS Grampian,
32764,8121,553,374,621,620,768,773,1123,405,524,500,675,754,984,187,,NHS Grampian,
32779,14394,583,818,1132,1004,1337,1256,1864,905,1080,1075,1195,1200,1528,187,,NHS Grampian,
32801,6619,485,262,445,423,620,682,997,320,367,355,594,652,902,187,,NHS Grampian,
32815,6744,481,305,440,476,597,631,1016,313,454,439,571,624,878,187,,NHS Grampian,
32904,6078,445,292,391,391,527,535,931,308,397,377,582,568,779,187,,NHS Grampian,
33004,2819,420,107,152,178,265,264,425,127,167,161,285,274,414,187,,NHS Grampian,
33057,2396,439,107,116,138,249,236,366,161,138,121,216,237,311,187,,NHS Grampian,
33061,510,393,11,16,18,40,71,79,23,24,35,56,53,84,187,,NHS Grampian,
38012,6797,506,331,617,534,627,549,852,330,523,525,604,549,756,222,,NHS Orkney,
38027,2637,475,115,173,141,256,258,408,121,171,132,230,252,380,222,,NHS Orkney,
38051,1203,362,27,62,81,110,120,166,36,78,76,118,139,190,222,,NHS Orkney,
38084,218,212,10,10,6,20,34,42,-1,4,8,24,23,38,222,,NHS Orkney,
38205,3212,526,125,224,195,272,289,514,136,260,198,271,276,452,222,,NHS Orkney,
38210,2363,416,88,110,142,212,236,390,113,127,120,215,257,353,222,,NHS Orkney,
38239,1650,438,44,59,91,146,176,283,69,65,91,146,186,294,222,,NHS Orkney,
39015,866,376,29,45,41,90,68,153,46,35,49,91,96,123,233,,NHS Shetland,
39020,880,368,49,53,57,69,59,147,64,66,59,63,56,138,233,,NHS Shetland,
39034,633,407,24,64,40,62,63,76,36,38,50,48,51,81,233,,NHS Shetland,
39049,2025,579,121,143,152,178,188,203,103,176,185,160,208,208,233,,NHS Shetland,
39053,540,441,30,34,43,45,45,86,20,26,36,40,48,87,233,,NHS Shetland,
39068,942,427,43,79,82,75,80,112,46,79,61,91,72,122,233,,NHS Shetland,
39072,2161,473,76,123,162,226,206,282,103,140,140,218,194,291,233,,NHS Shetland,
39087,2897,570,130,234,259,246,250,319,130,220,274,284,233,318,233,,NHS Shetland,
39091,7147,587,325,533,506,590,588,953,389,646,514,672,613,818,233,,NHS Shetland,
39161,460,322,6,17,25,35,35,112,21,20,20,29,56,84,233,,NHS Shetland,
40008,5194,753,287,714,486,403,390,448,233,593,497,430,398,315,218,,NHS Greater Glasgow & Cly,
40012,8511,1007,521,1229,908,502,358,362,418,1134,1471,925,349,334,221,,NHS Greater Glasgow & Cly,
40027,5934,484,283,327,541,599,475,867,330,350,471,563,427,701,114,,NHS Greater Glasgow & Cly,
40031,4282,985,382,714,343,222,188,240,270,698,624,279,156,166,215,,NHS Greater Glasgow & Cly,
40046,7678,774,462,656,603,704,661,912,493,673,585,681,585,663,127,,NHS Greater Glasgow & Cly,
40051,7271,557,354,646,611,609,676,956,335,631,615,607,568,663,218,,NHS Greater Glasgow & Cly,
40065,4507,607,202,329,318,403,459,564,206,347,367,436,444,432,127,,NHS Greater Glasgow & Cly,
40070,3672,1006,274,693,327,170,131,184,196,684,445,252,175,141,215,,NHS Greater Glasgow & Cly,
40084,1915,850,118,173,161,159,146,210,100,178,168,188,165,149,217,,NHS Greater Glasgow & Cly,
40101,5589,468,222,303,480,446,462,996,271,318,431,468,391,801,114,,NHS Greater Glasgow & Cly,
40121,5090,740,237,624,467,429,390,476,235,542,500,465,361,364,218,,NHS Greater Glasgow & Cly,
40140,10631,693,460,978,1016,1069,880,975,481,864,1192,1070,784,862,221,,NHS Greater Glasgow & Cly,
40154,6741,762,462,929,552,423,401,523,320,882,827,517,448,457,221,,NHS Greater Glasgow & Cly,
40173,6087,450,267,324,434,489,561,1075,294,372,445,474,493,859,114,,NHS Greater Glasgow & Cly,
40188,2221,602,118,233,225,223,184,188,75,201,231,242,153,148,221,,NHS Greater Glasgow & Cly,
40192,2803,962,157,435,226,171,221,234,125,383,256,191,203,201,215,,NHS Greater Glasgow & Cly,
40210,1317,643,54,112,118,123,106,139,68,100,114,124,143,116,217,,NHS Greater Glasgow & Cly,
40224,7267,778,388,686,526,658,670,846,387,680,532,579,630,685,127,,NHS Greater Glasgow & Cly,
40239,4219,462,195,228,361,350,338,773,186,228,335,355,277,593,114,,NHS Greater Glasgow & Cly,
40262,5243,778,269,419,387,439,502,743,280,453,346,442,433,530,127,,NHS Greater Glasgow & Cly,
40277,3803,794,177,535,305,312,261,329,148,483,417,328,270,238,215,,NHS Greater Glasgow & Cly,
40281,1760,539,79,139,107,141,174,253,90,150,142,146,147,192,216,,NHS Greater Glasgow & Cly,
40296,1877,1007,78,158,156,129,117,138,82,215,223,237,177,167,221,,NHS Greater Glasgow & Cly,
40328,4316,1009,391,660,354,191,151,164,230,743,650,446,206,130,215,,NHS Greater Glasgow & Cly,
40332,3992,851,243,401,351,335,305,390,223,394,377,369,330,274,218,,NHS Greater Glasgow & Cly,
40351,4481,562,240,462,349,382,433,413,270,438,366,359,404,365,221,,NHS Greater Glasgow & Cly,
40385,6434,500,288,326,451,621,581,1048,368,377,435,587,572,780,114,,NHS Greater Glasgow & Cly,
40390,2022,795,120,125,150,181,189,270,119,149,152,188,195,184,218,,NHS Greater Glasgow & Cly,
40402,3255,441,163,203,215,281,323,484,204,211,198,254,322,397,114,,NHS Greater Glasgow & Cly,
40417,2011,992,132,182,174,159,137,158,183,227,230,183,123,123,217,,NHS Greater Glasgow & Cly,
40421,2111,993,125,217,148,206,170,229,130,196,162,179,183,166,216,,NHS Greater Glasgow & Cly,
40436,4154,991,236,358,330,326,357,546,272,410,318,317,310,374,216,,NHS Greater Glasgow & Cly,
40455,5676,991,372,1033,542,328,208,159,259,1018,915,463,232,147,215,,NHS Greater Glasgow & Cly,
40460,1687,998,114,180,118,78,79,70,113,293,251,175,109,107,221,,NHS Greater Glasgow & Cly,
40493,2372,1010,96,183,182,156,161,441,101,198,184,210,180,280,218,,NHS Greater Glasgow & Cly,
40525,3485,992,218,425,344,299,264,241,199,432,340,294,278,151,216,,NHS Greater Glasgow & Cly,
40544,2429,1009,182,226,195,213,205,230,156,216,224,221,195,166,216,,NHS Greater Glasgow & Cly,
40559,2042,1000,129,219,176,207,163,186,160,187,165,188,157,105,216,,NHS Greater Glasgow & Cly,
40563,1782,995,129,200,140,156,96,74,148,251,198,206,113,71,217,,NHS Greater Glasgow & Cly,
40578,2937,865,124,226,231,235,263,397,148,233,236,269,279,296,217,,NHS Greater Glasgow & Cly,
40582,5132,903,294,435,407,490,435,571,266,466,418,456,406,488,127,,NHS Greater Glasgow & Cly,
40629,4520,854,274,499,400,345,345,419,232,481,462,402,335,326,217,,NHS Greater Glasgow & Cly,
40691,5775,877,329,455,420,501,461,708,314,497,486,585,467,552,127,,NHS Greater Glasgow & Cly,
40703,2693,930,140,144,174,220,219,291,152,229,223,325,295,281,127,,NHS Greater Glasgow & Cly,
40718,7050,997,1195,1168,430,268,251,235,767,1212,626,364,289,245,221,,NHS Greater Glasgow & Cly,
40722,3487,997,213,316,305,291,289,259,253,369,345,322,285,240,216,,NHS Greater Glasgow & Cly,
40737,5034,1002,261,558,457,422,351,483,296,548,474,464,367,353,217,,NHS Greater Glasgow & Cly,
43011,5174,998,295,539,406,402,395,514,260,529,503,481,431,419,219,,NHS Greater Glasgow & Cly,
43030,8195,621,365,555,681,694,697,1292,418,568,662,651,660,952,181,,NHS Greater Glasgow & Cly,
43044,5083,659,271,389,393,485,436,672,262,379,363,500,414,519,181,,NHS Greater Glasgow & Cly,
43059,7510,536,364,596,563,681,752,1069,428,588,515,570,636,748,116,,NHS Greater Glasgow & Cly,
43063,2249,892,103,203,163,197,219,252,127,220,176,207,214,168,194,,NHS Greater Glasgow & Cly,
43082,2114,910,112,215,128,150,158,207,95,249,246,203,172,179,219,,NHS Greater Glasgow & Cly,
43097,2475,992,152,220,168,215,191,274,169,250,205,228,213,190,194,,NHS Greater Glasgow & Cly,
43100,6125,586,298,408,428,555,559,894,352,451,475,461,493,751,181,,NHS Greater Glasgow & Cly,
43114,8468,739,436,613,623,740,827,1072,483,671,635,752,766,850,181,,NHS Greater Glasgow & Cly,
43129,2861,1007,160,245,238,207,264,292,164,307,282,251,233,218,194,,NHS Greater Glasgow & Cly,
43133,4870,825,255,381,356,402,381,528,292,471,564,486,411,343,194,,NHS Greater Glasgow & Cly,
43167,4617,920,270,413,370,362,367,432,238,555,495,386,365,364,219,,NHS Greater Glasgow & Cly,
43171,6446,540,340,511,521,561,575,897,363,430,508,530,527,683,116,,NHS Greater Glasgow & Cly,
43186,6099,1006,1137,1123,380,235,214,176,595,940,594,290,240,175,219,,NHS Greater Glasgow & Cly,
43191,2716,932,140,233,244,227,187,217,188,311,299,263,196,211,219,,NHS Greater Glasgow & Cly,
43203,3569,993,244,530,309,252,196,217,212,550,441,257,197,164,221,,NHS Greater Glasgow & Cly,
43218,5163,1009,220,590,433,269,273,260,319,710,936,518,347,288,219,,NHS Greater Glasgow & Cly,
43222,5689,717,283,418,442,536,498,756,296,437,456,468,498,601,116,,NHS Greater Glasgow & Cly,
43237,2852,991,151,313,276,261,229,208,143,306,257,290,224,194,220,,NHS Greater Glasgow & Cly,
43256,2796,846,153,236,235,241,246,311,167,242,249,230,238,248,220,,NHS Greater Glasgow & Cly,
43261,2638,898,136,217,214,248,243,274,137,191,199,245,255,279,181,,NHS Greater Glasgow & Cly,
43275,2588,996,154,251,214,187,192,383,137,232,198,211,211,218,194,,NHS Greater Glasgow & Cly,
43294,3101,1010,157,265,241,279,247,368,154,298,299,332,225,236,220,,NHS Greater Glasgow & Cly,
43307,2358,915,132,228,208,218,197,229,153,252,196,225,166,154,220,,NHS Greater Glasgow & Cly,
43311,4908,948,254,465,393,383,398,512,275,500,467,459,388,414,219,,NHS Greater Glasgow & Cly,
43326,4419,992,263,311,280,289,228,227,419,755,758,440,257,192,194,,NHS Greater Glasgow & Cly,
43453,6675,1000,1076,930,321,152,183,277,678,1465,870,290,206,227,219,,NHS Greater Glasgow & Cly,
43468,1700,992,79,174,128,127,66,113,104,287,209,222,91,100,219,,NHS Greater Glasgow & Cly,
43487,1062,651,60,82,64,74,79,117,62,99,91,100,88,146,194,,NHS Greater Glasgow & Cly,
43504,5419,991,304,449,407,465,473,641,279,480,552,494,475,400,194,,NHS Greater Glasgow & Cly,
43538,2018,995,138,222,174,177,122,139,127,248,226,175,166,104,220,,NHS Greater Glasgow & Cly,
43542,2129,1006,110,209,164,190,157,223,128,200,172,210,183,183,220,,NHS Greater Glasgow & Cly,
43557,1551,558,56,102,107,115,135,178,79,128,137,152,165,197,116,,NHS Greater Glasgow & Cly,
43581,4844,854,245,422,537,393,397,471,246,396,522,404,398,413,181,,NHS Greater Glasgow & Cly,
46023,2186,994,107,251,148,155,205,174,124,257,235,166,200,164,190,,NHS Greater Glasgow & Cly,
46057,5482,1009,293,519,470,477,456,504,303,534,535,509,487,395,194,,NHS Greater Glasgow & Cly,
46081,8035,797,448,781,622,691,714,862,423,782,675,662,697,678,189,,NHS Greater Glasgow & Cly,
46095,2603,994,171,267,225,206,203,198,180,321,264,209,226,133,193,,NHS Greater Glasgow & Cly,
46108,4749,777,318,842,426,232,252,396,226,730,509,302,256,260,191,,NHS Greater Glasgow & Cly,
46112,3892,941,215,324,331,357,307,394,263,394,361,368,283,295,192,,NHS Greater Glasgow & Cly,
46127,1914,959,101,326,164,98,82,86,91,342,302,153,89,80,191,,NHS Greater Glasgow & Cly,
46131,3541,830,198,388,285,282,273,371,192,351,307,302,330,262,193,,NHS Greater Glasgow & Cly,
46146,3415,998,189,368,310,273,265,329,164,355,334,289,274,265,193,,NHS Greater Glasgow & Cly,
46151,1655,970,60,169,176,108,125,140,81,180,177,147,154,138,190,,NHS Greater Glasgow & Cly,
46165,3083,950,161,248,227,288,251,320,175,294,266,260,291,302,189,,NHS Greater Glasgow & Cly,
46184,5913,1008,350,776,513,405,390,447,311,784,658,502,433,344,191,,NHS Greater Glasgow & Cly,
46201,2563,793,124,230,196,243,219,294,146,212,209,235,258,197,193,,NHS Greater Glasgow & Cly,
46216,10797,807,561,891,841,975,1060,1216,620,947,814,932,1000,940,189,,NHS Greater Glasgow & Cly,
46221,3888,1002,238,432,374,351,310,283,259,442,382,326,281,210,192,,NHS Greater Glasgow & Cly,
46235,3980,995,214,415,287,374,399,391,230,429,287,341,346,267,193,,NHS Greater Glasgow & Cly,
46240,1486,894,91,142,98,135,84,125,89,163,143,161,128,127,192,,NHS Greater Glasgow & Cly,
46292,2828,880,149,225,190,267,247,341,156,258,212,263,244,276,193,,NHS Greater Glasgow & Cly,
46305,6392,713,368,539,488,619,509,847,342,482,452,609,492,645,189,,NHS Greater Glasgow & Cly,
46339,3053,1006,175,302,230,230,213,279,193,357,363,276,258,177,193,,NHS Greater Glasgow & Cly,
46343,6529,1002,340,611,517,546,514,790,340,623,592,553,550,553,189,,NHS Greater Glasgow & Cly,
46377,1191,573,61,66,66,98,113,179,59,100,59,117,139,134,191,,NHS Greater Glasgow & Cly,
46381,2047,928,91,214,202,140,118,143,102,232,294,177,170,164,190,,NHS Greater Glasgow & Cly,
46396,1322,1004,43,118,60,80,77,69,60,177,225,165,137,111,190,,NHS Greater Glasgow & Cly,
46428,3783,992,175,480,489,292,276,187,180,413,582,279,285,145,190,,NHS Greater Glasgow & Cly,
46447,1267,1007,72,141,96,77,70,42,79,224,158,118,122,68,190,,NHS Greater Glasgow & Cly,
46451,7604,1003,492,758,705,696,676,618,460,821,716,641,601,420,192,,NHS Greater Glasgow & Cly,
46471,2042,991,135,221,194,206,167,146,147,237,177,154,136,122,192,,NHS Greater Glasgow & Cly,
46521,5038,964,262,523,397,439,424,569,257,484,436,454,402,391,193,,NHS Greater Glasgow & Cly,
46555,3114,991,135,324,233,229,299,336,156,332,276,243,276,275,190,,NHS Greater Glasgow & Cly,
46560,4522,912,214,510,315,340,332,497,240,537,422,394,333,388,191,,NHS Greater Glasgow & Cly,
46574,1142,1007,59,72,69,106,75,119,75,127,111,103,110,116,190,,NHS Greater Glasgow & Cly,
46606,2802,999,146,280,229,202,235,262,142,313,251,231,261,250,190,,NHS Greater Glasgow & Cly,
46611,1770,999,61,186,135,134,121,145,106,229,180,136,171,166,190,,NHS Greater Glasgow & Cly,
49041,9583,1000,636,908,805,613,627,692,661,1231,1160,963,673,614,230,,NHS Greater Glasgow & Cly,
49074,2599,956,141,396,209,158,167,157,166,354,298,208,186,159,228,,NHS Greater Glasgow & Cly,
49093,2094,1009,83,176,120,125,152,160,115,260,265,218,198,222,230,,NHS Greater Glasgow & Cly,
49106,6392,850,324,481,405,384,410,528,534,1234,941,416,323,412,228,,NHS Greater Glasgow & Cly,
49130,3886,850,159,518,428,269,255,261,131,474,542,370,254,225,227,,NHS Greater Glasgow & Cly,
49144,8176,568,458,603,590,692,800,1134,467,632,615,655,661,869,229,,NHS Greater Glasgow & Cly,
49159,5301,677,281,318,442,515,484,645,312,347,458,483,491,525,147,,NHS Greater Glasgow & Cly,
49178,4410,1004,314,457,423,277,237,327,347,520,524,435,285,264,230,,NHS Greater Glasgow & Cly,
49197,1753,572,85,125,102,148,164,270,99,132,114,163,147,204,148,,NHS Greater Glasgow & Cly,
49200,4134,690,180,506,436,378,282,347,179,482,423,355,271,295,229,,NHS Greater Glasgow & Cly,
49214,6156,506,310,450,485,476,549,920,300,460,501,453,492,760,147,,NHS Greater Glasgow & Cly,
49248,4037,661,163,452,401,275,294,414,157,442,429,367,302,341,227,,NHS Greater Glasgow & Cly,
49267,4354,972,266,518,363,276,270,370,305,534,457,383,279,333,230,,NHS Greater Glasgow & Cly,
49271,4643,591,244,606,441,336,386,396,210,550,471,352,331,320,229,,NHS Greater Glasgow & Cly,
49286,2617,860,142,444,292,202,137,170,82,367,295,227,124,135,230,,NHS Greater Glasgow & Cly,
49318,1771,708,66,234,164,101,103,160,46,201,211,167,165,153,229,,NHS Greater Glasgow & Cly,
49337,9799,604,537,627,1021,959,779,1188,548,609,970,878,719,964,148,,NHS Greater Glasgow & Cly,
49375,1440,757,82,182,137,115,94,147,79,145,127,116,110,106,227,,NHS Greater Glasgow & Cly,
49411,1298,556,69,98,111,105,104,141,71,133,118,116,95,137,227,,NHS Greater Glasgow & Cly,
49445,3653,637,188,219,355,335,317,487,228,227,284,356,301,356,147,,NHS Greater Glasgow & Cly,
49464,2371,575,106,136,192,191,169,527,89,109,172,183,162,335,148,,NHS Greater Glasgow & Cly,
49553,4467,644,177,690,461,279,255,450,166,589,481,350,238,331,229,,NHS Greater Glasgow & Cly,
49568,3281,1000,195,370,343,247,186,161,237,453,430,295,219,145,148,,NHS Greater Glasgow & Cly,
49604,5305,999,301,602,393,390,339,445,309,685,556,440,425,420,228,,NHS Greater Glasgow & Cly,
49619,2492,468,127,115,145,259,224,423,158,126,132,227,196,360,147,,NHS Greater Glasgow & Cly,
49623,6568,455,376,339,471,679,640,926,441,381,419,652,594,650,148,,NHS Greater Glasgow & Cly,
49638,6934,523,375,369,589,629,637,1115,370,381,511,603,530,825,147,,NHS Greater Glasgow & Cly,
49676,2472,1007,164,298,205,177,117,116,200,323,330,220,179,143,230,,NHS Greater Glasgow & Cly,
49681,7765,853,317,1121,830,576,511,683,294,923,895,666,433,516,227,,NHS Greater Glasgow & Cly,
49712,1506,653,49,150,134,130,101,148,43,145,190,145,142,129,229,,NHS Greater Glasgow & Cly,
49751,8233,1007,545,801,658,730,717,732,533,784,699,723,701,610,228,,NHS Greater Glasgow & Cly,
49765,8693,936,474,881,707,659,717,908,437,950,816,757,688,699,228,,NHS Greater Glasgow & Cly,
49770,4012,620,206,403,345,330,392,439,218,397,323,307,340,312,227,,NHS Greater Glasgow & Cly,
49784,7598,553,397,387,721,797,630,1027,472,451,633,737,537,809,147,,NHS Greater Glasgow & Cly,
49801,3478,1000,199,233,258,175,102,88,224,637,720,495,209,138,230,,NHS Greater Glasgow & Cly,
52005,7282,1005,387,805,624,515,478,584,410,964,902,656,501,456,231,,NHS Greater Glasgow & Cly,
52010,1536,963,62,89,121,124,159,225,48,113,127,133,146,189,227,,NHS Greater Glasgow & Cly,
52024,3237,693,187,312,273,273,264,343,211,295,304,277,270,228,232,,NHS Greater Glasgow & Cly,
52039,4504,994,296,445,376,292,310,328,289,624,563,395,338,248,230,,NHS Greater Glasgow & Cly,
52043,4978,958,302,384,371,444,466,529,344,474,416,450,429,369,226,,NHS Greater Glasgow & Cly,
52058,4816,736,217,506,366,310,397,607,223,549,473,370,366,432,231,,NHS Greater Glasgow & Cly,
52062,4630,1003,243,421,365,418,370,484,266,447,440,403,399,374,232,,NHS Greater Glasgow & Cly,
52096,3969,936,229,408,338,319,351,347,200,439,361,373,348,256,232,,NHS Greater Glasgow & Cly,
52109,2398,1004,119,218,219,157,173,164,121,296,350,238,176,167,231,,NHS Greater Glasgow & Cly,
52128,8563,868,496,834,644,750,753,889,484,874,764,713,677,685,226,,NHS Greater Glasgow & Cly,
52147,1045,1010,57,101,93,87,88,86,75,100,117,100,78,63,226,,NHS Greater Glasgow & Cly,
52151,3767,562,133,438,362,326,293,372,148,399,388,313,286,309,229,,NHS Greater Glasgow & Cly,
52185,2774,619,136,269,271,238,263,298,130,230,255,238,244,202,232,,NHS Greater Glasgow & Cly,
52202,3342,998,186,499,250,208,201,185,151,650,357,289,205,161,231,,NHS Greater Glasgow & Cly,
52217,1824,832,89,165,131,137,147,169,96,228,187,178,166,131,231,,NHS Greater Glasgow & Cly,
52221,4746,706,271,457,375,453,399,481,327,474,362,427,376,344,226,,NHS Greater Glasgow & Cly,
52241,4948,992,293,531,423,321,323,338,303,707,612,437,358,302,232,,NHS Greater Glasgow & Cly,
52255,5807,829,369,589,622,500,436,444,399,540,562,543,461,342,226,,NHS Greater Glasgow & Cly,
52260,1361,994,66,105,91,103,97,104,82,145,144,140,152,132,231,,NHS Greater Glasgow & Cly,
52293,4058,993,280,450,366,337,306,348,284,398,371,372,287,259,226,,NHS Greater Glasgow & Cly,
52330,3356,890,172,312,259,253,303,367,164,354,309,285,290,288,232,,NHS Greater Glasgow & Cly,
52344,5051,720,307,486,473,521,458,403,256,446,421,505,450,325,226,,NHS Greater Glasgow & Cly,
52359,7475,948,421,674,600,646,687,813,428,708,649,623,633,593,232,,NHS Greater Glasgow & Cly,
52400,4576,1008,301,481,361,406,420,374,326,494,372,380,391,270,226,,NHS Greater Glasgow & Cly,
52414,4179,788,255,394,346,393,388,510,234,352,339,319,332,317,232,,NHS Greater Glasgow & Cly,
52429,7745,991,397,661,699,615,613,784,459,745,782,746,608,636,229,,NHS Greater Glasgow & Cly,
55003,5029,514,232,383,352,464,462,649,256,398,346,436,490,561,199,,NHS Highland,
55037,4616,487,188,258,325,375,407,685,206,318,377,397,424,656,199,,NHS Highland,
55041,12672,553,529,745,776,1181,1230,1995,610,816,815,1098,1135,1742,197,,NHS Highland,
55075,551,273,15,9,30,64,47,114,10,12,33,39,62,116,207,,NHS Highland,
55080,2391,374,89,103,155,220,214,413,91,119,157,229,238,363,199,,NHS Highland,
55094,984,346,36,37,59,89,120,149,51,45,48,84,104,162,199,,NHS Highland,
55131,6066,524,300,441,403,535,555,831,350,480,419,497,545,710,199,,NHS Highland,
55145,1850,525,76,127,95,160,150,270,89,170,122,174,205,212,199,,NHS Highland,
55183,740,334,19,39,46,58,81,126,14,46,30,66,84,131,207,,NHS Highland,
55201,2271,421,84,118,140,166,241,448,91,115,129,152,220,367,200,,NHS Highland,
55220,1704,397,79,84,78,140,170,319,93,90,85,135,166,265,200,,NHS Highland,
55249,961,388,23,32,43,72,134,168,34,51,42,64,118,180,207,,NHS Highland,
55253,807,350,21,37,48,69,85,121,42,32,57,68,95,132,207,,NHS Highland,
55272,427,333,12,14,16,42,47,74,7,31,29,36,57,62,207,,NHS Highland,
55287,2140,478,67,93,102,186,216,409,84,108,94,146,234,401,200,,NHS Highland,
55291,1406,367,47,72,64,118,169,260,46,68,69,128,141,224,200,,NHS Highland,
55304,782,401,24,41,33,64,76,122,25,68,42,90,77,120,207,,NHS Highland,
55338,10745,666,543,815,789,936,892,1468,656,818,891,867,881,1189,205,,NHS Highland,
55342,219,198,-5,16,17,18,21,30,15,17,5,27,19,39,208,,NHS Highland,
55357,1982,386,70,81,109,137,213,350,82,95,99,171,203,372,208,,NHS Highland,
55376,9598,475,427,617,661,817,881,1398,536,695,677,797,856,1236,205,,NHS Highland,
55381,4178,502,180,206,276,403,410,674,210,217,262,363,378,599,198,,NHS Highland,
55395,750,304,14,17,37,58,74,156,29,32,35,55,82,161,208,,NHS Highland,
55408,2639,376,141,172,195,244,247,380,112,169,159,255,215,350,198,,NHS Highland,
55412,3188,558,141,189,243,319,320,444,144,179,214,301,285,409,198,,NHS Highland,
55427,2485,627,105,142,165,238,228,386,120,162,159,200,230,350,205,,NHS Highland,
55431,4682,501,189,294,360,379,415,766,198,302,317,406,412,644,205,,NHS Highland,
55446,382,328,12,7,13,26,55,66,18,23,13,36,52,61,208,,NHS Highland,
55451,2118,446,78,118,134,180,246,302,123,129,116,182,245,265,208,,NHS Highland,
55521,568,325,19,30,20,58,64,88,27,31,32,47,72,80,206,,NHS Highland,
55535,1554,414,38,78,72,134,195,239,52,77,89,126,194,260,206,,NHS Highland,
55554,226,226,3,13,1,20,32,44,19,11,7,19,32,25,206,,NHS Highland,
55569,2201,450,88,118,145,194,243,308,109,137,132,198,252,277,206,,NHS Highland,
55573,4572,636,200,279,296,382,477,692,196,294,326,396,448,586,206,,NHS Highland,
55605,2975,649,136,209,216,263,253,401,135,256,225,245,282,354,204,,NHS Highland,
55610,4521,661,236,356,366,426,353,566,242,353,348,430,382,463,204,,NHS Highland,
55624,4245,809,245,302,307,382,377,540,243,363,321,387,347,431,204,,NHS Highland,
55639,743,559,26,41,53,72,59,128,20,49,45,80,96,74,204,,NHS Highland,
55643,299,260,6,20,21,36,17,54,13,12,9,24,36,51,204,,NHS Highland,
55662,1114,400,36,51,56,114,107,190,42,52,40,118,113,195,204,,NHS Highland,
55677,147,145,0,14,26,16,17,15,2,16,12,3,17,9,206,,NHS Highland,
55696,2646,471,91,181,221,241,240,387,121,138,173,276,242,335,198,,NHS Highland,
55709,4896,511,223,331,349,472,447,691,249,332,333,407,448,614,198,,NHS Highland,
55728,2020,380,68,103,119,208,207,318,112,103,101,183,228,270,198,,NHS Highland,
55732,1277,494,32,68,67,118,143,215,36,58,93,134,123,190,204,,NHS Highland,
55747,849,431,21,37,49,88,91,140,40,44,26,94,82,137,203,,NHS Highland,
55751,4679,623,222,433,464,463,358,484,268,368,435,438,344,402,201,,NHS Highland,
55766,5398,606,245,466,500,553,460,571,306,460,457,483,426,471,203,,NHS Highland,
55817,8080,512,373,593,642,722,693,1177,346,541,661,750,649,933,202,,NHS Highland,
55836,5124,819,278,557,490,444,320,378,310,568,573,482,358,366,203,,NHS Highland,
55841,8400,675,385,651,611,712,703,1099,405,715,756,785,705,873,202,,NHS Highland,
55860,2898,564,136,272,261,250,253,314,136,229,291,254,233,269,201,,NHS Highland,
55874,4091,655,146,290,323,368,462,527,225,286,299,338,401,426,202,,NHS Highland,
55889,4805,679,282,526,544,428,332,434,252,438,497,425,312,335,201,,NHS Highland,
55893,5277,570,252,443,443,480,449,650,296,401,471,501,398,493,201,,NHS Highland,
55911,4553,646,192,408,377,405,388,504,201,438,393,404,345,498,197,,NHS Highland,
55925,4536,470,176,240,274,402,391,813,229,278,283,375,392,683,197,,NHS Highland,
55930,2540,437,103,126,166,218,252,455,125,131,150,189,242,383,197,,NHS Highland,
55944,378,377,12,17,18,39,49,46,19,26,25,40,45,42,197,,NHS Highland,
56006,7992,508,340,603,605,711,715,1136,392,592,631,701,668,898,203,,NHS Highland,
56011,2020,592,105,195,192,181,147,229,88,167,197,157,177,185,201,,NHS Highland,
56025,1355,429,47,64,68,144,156,205,54,84,81,117,141,194,204,,NHS Highland,
56030,1551,491,69,73,121,152,147,207,68,105,113,150,162,184,204,,NHS Highland,
56523,2438,413,94,107,162,200,252,357,104,143,162,224,242,391,206,,NHS Highland,
56538,906,440,26,43,47,90,101,170,26,46,46,79,96,136,198,,NHS Highland,
60054,11033,657,586,920,1082,1095,906,1184,658,820,959,1053,805,965,132,,NHS Lanarkshire,
60073,2949,622,140,209,298,293,262,359,137,181,272,316,234,248,132,,NHS Lanarkshire,
60088,2369,609,129,247,255,241,163,180,142,206,219,246,184,157,132,,NHS Lanarkshire,
60092,10015,750,498,944,866,856,791,1269,458,861,883,823,787,979,125,,NHS Lanarkshire,
60105,4352,667,207,321,402,408,415,586,221,294,331,391,343,433,125,,NHS Lanarkshire,
60110,4021,731,222,308,318,340,382,493,226,302,328,346,371,385,125,,NHS Lanarkshire,
60124,1098,674,48,54,89,101,106,127,54,61,111,121,120,106,125,,NHS Lanarkshire,
60139,3810,698,198,331,323,351,362,502,156,306,290,302,297,392,125,,NHS Lanarkshire,
60143,9915,786,531,871,921,915,845,1049,545,774,938,965,766,795,125,,NHS Lanarkshire,
60158,1308,534,62,75,80,102,142,215,52,115,83,111,125,146,125,,NHS Lanarkshire,
60162,1434,826,72,169,115,96,101,124,71,167,173,138,125,83,125,,NHS Lanarkshire,
60177,6391,974,328,669,713,547,419,618,334,565,675,599,425,499,125,,NHS Lanarkshire,
60181,3349,637,148,261,272,254,291,454,147,266,265,307,295,389,125,,NHS Lanarkshire,
60196,1606,700,90,118,169,137,139,167,100,127,143,125,156,135,125,,NHS Lanarkshire,
60209,2822,793,139,245,243,261,210,283,148,242,242,299,227,283,125,,NHS Lanarkshire,
60213,6116,780,304,531,487,532,434,678,309,470,570,640,557,604,188,,NHS Lanarkshire,
60228,2721,970,134,235,223,213,215,358,144,193,248,293,205,260,132,,NHS Lanarkshire,
61061,7525,721,412,622,634,667,631,1067,348,503,615,655,558,813,105,,NHS Lanarkshire,
61131,3763,786,241,333,328,370,337,427,236,325,288,317,267,294,105,,NHS Lanarkshire,
61151,3409,890,176,264,270,361,298,368,222,272,253,318,304,303,105,,NHS Lanarkshire,
61170,1471,875,68,99,92,126,119,228,65,102,136,139,115,182,105,,NHS Lanarkshire,
61216,1660,878,91,139,147,153,161,184,80,113,137,153,180,122,129,,NHS Lanarkshire,
61240,5500,993,323,447,451,521,467,614,287,464,469,500,473,484,129,,NHS Lanarkshire,
61305,4399,635,258,306,359,408,413,507,253,368,351,373,423,380,131,,NHS Lanarkshire,
61324,4273,844,199,285,356,385,319,573,224,271,374,422,368,497,131,,NHS Lanarkshire,
61339,8436,671,471,668,688,679,829,1073,452,703,752,643,675,803,131,,NHS Lanarkshire,
61343,9873,766,647,747,752,1126,888,894,717,743,721,1011,876,751,131,,NHS Lanarkshire,
61358,10936,702,578,719,760,1035,913,1575,624,774,822,1126,829,1181,131,,NHS Lanarkshire,
61377,3666,851,225,332,323,325,274,376,255,307,334,345,255,315,131,,NHS Lanarkshire,
61381,2476,758,117,180,168,274,176,298,176,201,188,279,182,237,131,,NHS Lanarkshire,
61447,17057,998,988,1489,1467,1501,1386,1718,970,1430,1536,1656,1438,1478,129,,NHS Lanarkshire,
61451,6451,992,405,505,592,660,549,668,409,538,489,582,533,521,129,,NHS Lanarkshire,
61466,5528,692,280,416,427,524,570,628,296,433,418,489,515,532,129,,NHS Lanarkshire,
61485,5229,892,253,399,360,486,450,662,275,393,448,519,487,497,129,,NHS Lanarkshire,
61502,11898,869,615,873,959,1090,995,1522,685,953,942,1109,921,1234,132,,NHS Lanarkshire,
61625,16981,901,1018,1443,1452,1613,1429,1753,1020,1430,1487,1602,1335,1399,105,,NHS Lanarkshire,
61644,6865,711,378,442,462,625,599,883,408,492,493,685,681,717,143,,NHS Lanarkshire,
61659,5473,996,303,392,473,490,380,485,382,411,510,611,533,503,105,,NHS Lanarkshire,
62011,5084,826,256,407,405,477,387,704,267,360,376,468,443,534,115,,NHS Lanarkshire,
62031,7285,954,397,550,576,678,665,745,479,579,573,757,639,647,115,,NHS Lanarkshire,
62045,2025,620,90,183,172,149,225,169,114,155,199,197,200,172,115,,NHS Lanarkshire,
62050,6609,869,408,550,511,629,606,784,359,532,552,558,530,590,115,,NHS Lanarkshire,
62115,2568,991,162,243,215,220,202,222,153,255,215,248,219,214,115,,NHS Lanarkshire,
62120,2533,882,120,218,234,198,205,226,149,288,269,234,173,219,115,,NHS Lanarkshire,
62219,5110,661,249,382,422,410,440,710,249,333,410,456,411,638,128,,NHS Lanarkshire,
62223,9130,644,480,685,661,828,840,1192,492,687,691,749,798,1027,128,,NHS Lanarkshire,
62238,10498,592,480,592,752,923,1009,1621,496,640,704,989,956,1336,128,,NHS Lanarkshire,
62312,6264,497,282,303,396,624,645,948,296,304,410,591,635,830,128,,NHS Lanarkshire,
62346,2460,584,130,186,152,232,209,342,126,195,167,201,205,315,128,,NHS Lanarkshire,
62510,4410,643,234,301,318,412,394,525,251,323,355,387,412,498,128,,NHS Lanarkshire,
62596,6008,781,363,448,485,607,487,639,378,439,525,611,510,516,105,,NHS Lanarkshire,
62609,10401,847,584,794,921,948,771,1185,559,818,995,1051,765,1010,188,,NHS Lanarkshire,
62628,2995,621,157,194,236,280,280,344,159,199,253,266,291,336,128,,NHS Lanarkshire,
62632,5481,605,294,332,393,519,467,875,306,323,346,513,428,685,128,,NHS Lanarkshire,
62666,2960,735,236,265,216,383,270,352,212,229,206,225,198,168,252,,NHS Lanarkshire,
62671,7070,683,343,535,494,591,613,894,386,531,568,686,623,806,252,,NHS Lanarkshire,
62685,2960,589,188,249,214,310,234,384,186,231,191,277,220,276,188,,NHS Lanarkshire,
62690,1927,652,103,181,168,192,130,157,124,159,195,204,155,159,188,,NHS Lanarkshire,
62702,2791,608,217,232,212,367,293,302,200,257,167,224,172,148,188,,NHS Lanarkshire,
62717,7856,570,386,629,716,755,628,916,427,549,730,768,623,729,188,,NHS Lanarkshire,
62736,3562,732,162,306,316,279,250,442,172,276,354,320,292,393,188,,NHS Lanarkshire,
62806,3212,901,191,296,346,353,215,301,175,225,300,346,228,236,196,,NHS Lanarkshire,
62844,2958,913,153,210,178,283,262,376,149,222,210,287,274,354,196,,NHS Lanarkshire,
62897,1850,784,72,151,117,162,164,189,116,177,155,198,170,179,196,,NHS Lanarkshire,
62914,3629,888,222,246,268,366,305,412,190,300,278,378,303,361,252,,NHS Lanarkshire,
62933,8140,745,442,570,646,703,797,978,477,610,659,719,736,803,252,,NHS Lanarkshire,
62967,4630,1010,223,340,369,403,431,578,241,355,352,458,421,459,252,,NHS Lanarkshire,
62986,3999,836,220,363,313,383,326,473,194,308,324,377,307,411,196,,NHS Lanarkshire,
62991,2073,971,130,173,139,213,182,264,104,163,159,193,159,194,196,,NHS Lanarkshire,
63033,5706,877,321,422,485,550,501,741,305,396,421,509,449,606,117,,NHS Lanarkshire,
63052,4301,947,243,402,325,410,341,415,232,390,329,422,382,410,117,,NHS Lanarkshire,
63118,8690,673,439,593,634,824,841,1161,472,601,653,764,782,926,123,,NHS Lanarkshire,
63231,7054,559,339,557,566,545,768,866,365,597,591,529,625,706,144,,NHS Lanarkshire,
63245,6241,696,309,512,432,551,606,790,351,538,455,537,581,579,144,,NHS Lanarkshire,
63250,6412,643,372,498,440,604,610,791,360,524,446,574,578,615,144,,NHS Lanarkshire,
63264,6234,661,301,491,486,518,605,767,305,546,529,508,565,613,144,,NHS Lanarkshire,
63283,3602,689,180,285,216,294,375,407,197,366,223,316,386,357,144,,NHS Lanarkshire,
63298,4872,755,198,366,412,423,459,601,274,379,363,473,445,479,144,,NHS Lanarkshire,
63301,8999,636,417,712,676,815,825,1163,487,703,651,865,816,869,143,,NHS Lanarkshire,
63334,4188,873,208,287,382,399,333,493,216,313,382,423,336,416,117,,NHS Lanarkshire,
63419,6418,991,337,546,540,548,539,777,337,512,588,604,479,611,165,,NHS Lanarkshire,
63423,5606,629,299,417,410,520,436,728,304,425,465,521,452,629,165,,NHS Lanarkshire,
63438,9160,592,486,748,797,853,674,1088,508,706,878,865,678,879,165,,NHS Lanarkshire,
63442,5905,749,289,417,483,531,487,828,308,414,530,535,459,624,165,,NHS Lanarkshire,
63457,6259,881,336,514,508,524,567,669,295,593,591,556,537,569,165,,NHS Lanarkshire,
63461,5844,888,322,458,506,513,529,570,291,520,526,530,528,551,165,,NHS Lanarkshire,
63476,4086,691,241,363,363,369,341,444,216,337,343,399,309,361,165,,NHS Lanarkshire,
63481,6059,748,306,471,520,559,523,741,308,453,459,591,517,611,165,,NHS Lanarkshire,
63508,4899,645,237,370,301,455,475,793,240,362,331,400,449,486,143,,NHS Lanarkshire,
63512,1467,774,51,75,87,145,107,228,79,96,127,154,114,204,182,,NHS Lanarkshire,
63527,8072,620,437,568,547,719,733,1203,442,553,575,708,639,948,182,,NHS Lanarkshire,
63546,6356,949,360,563,579,623,558,585,418,527,566,595,485,497,115,,NHS Lanarkshire,
63616,10443,856,552,913,787,989,914,1333,562,797,730,942,883,1041,182,,NHS Lanarkshire,
63724,14963,745,885,1104,1234,1539,1206,1682,984,1136,1174,1502,1158,1359,143,,NHS Lanarkshire,
63739,5623,468,229,338,488,554,543,726,287,337,434,537,494,656,143,,NHS Lanarkshire,
63813,7046,669,357,580,646,618,655,902,301,559,623,595,579,631,123,,NHS Lanarkshire,
63828,7069,787,379,472,514,648,572,928,429,559,569,613,571,815,123,,NHS Lanarkshire,
63832,2381,881,142,191,206,240,204,283,136,148,179,235,203,214,123,,NHS Lanarkshire,
63890,3930,950,180,294,277,292,327,498,205,342,334,398,354,429,196,,NHS Lanarkshire,
63902,1675,923,83,213,172,138,152,169,89,158,167,130,103,101,252,,NHS Lanarkshire,
63917,4927,603,238,320,358,500,470,552,255,335,361,506,534,498,128,,NHS Lanarkshire,
70075,7743,350,343,394,666,767,691,1110,425,398,596,752,683,918,156,,NHS Lothian,
70094,7727,525,326,930,730,648,593,821,259,747,772,685,548,668,151,,NHS Lothian,
70107,6393,1007,938,1095,346,187,172,233,557,1391,781,283,216,194,155,,NHS Lothian,
70126,3305,508,149,289,227,244,259,508,135,295,277,245,268,409,149,,NHS Lothian,
70131,9256,443,424,495,693,824,756,1439,736,511,721,769,692,1196,156,,NHS Lothian,
70164,5338,662,261,468,458,434,433,671,300,406,440,475,446,546,154,,NHS Lothian,
70179,9291,997,617,2050,996,472,302,323,358,1730,1180,625,320,318,150,,NHS Lothian,
70198,2965,985,201,461,272,175,175,171,184,421,368,236,165,136,149,,NHS Lothian,
70215,7579,993,493,919,780,565,479,529,446,899,835,664,516,454,149,,NHS Lothian,
70220,9315,476,386,858,792,706,750,1356,383,819,812,751,702,1000,152,,NHS Lothian,
70234,6783,482,266,555,604,615,634,808,270,523,617,663,571,657,151,,NHS Lothian,
70253,8612,726,513,913,789,719,554,914,507,839,794,738,607,725,155,,NHS Lothian,
70268,7911,794,483,1588,748,423,336,386,295,1310,961,611,410,360,150,,NHS Lothian,
70272,8220,514,359,873,734,681,598,1026,382,787,744,680,594,762,151,,NHS Lothian,
70291,4797,704,225,486,409,352,360,609,255,510,415,395,355,426,154,,NHS Lothian,
70319,8713,673,518,1174,806,597,576,744,399,1081,888,712,539,679,151,,NHS Lothian,
70323,10168,498,505,1264,964,779,716,1093,451,1130,1083,753,616,814,153,,NHS Lothian,
70361,9096,566,351,806,774,726,780,1236,387,756,842,750,754,934,152,,NHS Lothian,
70376,5969,503,259,572,519,494,574,754,255,480,500,491,474,597,154,,NHS Lothian,
70381,7766,1004,1431,1300,486,347,224,394,772,1099,626,446,310,331,154,,NHS Lothian,
70408,7842,575,284,962,763,582,590,728,234,866,894,745,590,604,151,,NHS Lothian,
70412,6318,443,302,465,523,589,435,945,304,455,564,596,444,696,153,,NHS Lothian,
70427,6513,600,327,557,516,476,521,976,352,544,495,507,493,749,149,,NHS Lothian,
70451,4743,831,739,852,295,191,172,266,481,707,352,277,191,220,153,,NHS Lothian,
70470,3197,531,246,354,241,220,252,337,227,333,261,256,232,238,154,,NHS Lothian,
70499,5901,641,330,1064,756,428,262,285,181,792,809,476,272,246,150,,NHS Lothian,
70501,6039,509,222,526,505,506,459,979,231,468,565,503,409,666,152,,NHS Lothian,
70516,6230,617,348,644,634,462,499,651,390,541,611,456,461,533,154,,NHS Lothian,
70521,6586,909,529,1185,775,371,214,240,365,942,912,518,290,245,150,,NHS Lothian,
70535,5230,394,253,247,362,507,475,902,238,268,347,473,424,734,152,,NHS Lothian,
70569,4607,699,181,421,398,416,411,472,205,462,427,456,395,363,150,,NHS Lothian,
70573,7736,886,398,1011,798,574,524,589,361,959,916,621,534,451,151,,NHS Lothian,
70588,6097,702,357,685,500,515,382,610,331,629,536,584,438,530,154,,NHS Lothian,
70605,4957,566,233,406,446,449,447,620,248,388,397,446,406,471,149,,NHS Lothian,
70610,7578,528,336,596,538,617,662,1177,370,601,577,613,629,862,156,,NHS Lothian,
70639,8619,485,430,661,699,832,736,1052,472,751,701,782,687,816,149,,NHS Lothian,
70658,6253,628,295,688,603,483,402,645,277,716,746,491,420,487,149,,NHS Lothian,
70662,12623,1004,785,1731,1297,943,767,781,826,1521,1415,1110,804,643,151,,NHS Lothian,
70709,4549,548,230,352,451,445,384,494,229,361,427,437,331,408,152,,NHS Lothian,
70747,5403,714,220,665,508,424,342,488,259,585,584,520,396,412,150,,NHS Lothian,
70766,2059,847,227,295,160,79,56,81,148,386,308,140,90,89,153,,NHS Lothian,
70785,9518,556,359,972,825,758,754,1308,371,897,869,767,674,964,149,,NHS Lothian,
70790,7543,472,472,901,648,559,531,933,359,726,655,579,492,688,153,,NHS Lothian,
70841,7052,1009,1403,1328,429,244,180,251,681,1107,585,340,256,248,154,,NHS Lothian,
70893,4234,722,480,554,297,227,252,423,314,490,353,295,235,314,154,,NHS Lothian,
70906,3002,707,164,282,254,228,206,292,149,348,315,283,238,243,155,,NHS Lothian,
70911,8094,700,465,898,675,572,582,897,443,902,838,621,533,668,155,,NHS Lothian,
70930,10959,403,511,678,984,1000,877,1603,573,680,929,937,858,1329,156,,NHS Lothian,
70978,6052,1008,407,707,629,456,392,322,448,747,715,571,376,282,155,,NHS Lothian,
70982,4600,965,273,1020,436,218,166,159,214,838,602,291,214,169,150,,NHS Lothian,
70997,9148,781,466,1494,809,527,536,682,389,1506,1055,633,517,534,155,,NHS Lothian,
71011,4962,790,634,747,387,247,162,293,419,798,505,367,195,208,155,,NHS Lothian,
71025,6760,471,303,650,552,536,565,914,277,573,608,583,514,685,152,,NHS Lothian,
71082,9627,938,552,1820,938,529,367,409,376,1682,1422,718,420,394,155,,NHS Lothian,
71097,4353,628,223,498,423,336,317,496,229,410,390,332,296,403,156,,NHS Lothian,
71114,9767,882,435,1579,1041,580,499,590,367,1582,1282,750,554,508,150,,NHS Lothian,
71129,7153,441,307,374,543,688,560,1328,317,329,475,676,561,995,152,,NHS Lothian,
71222,6672,993,940,1385,492,216,128,129,544,1398,766,346,178,150,155,,NHS Lothian,
71326,8971,580,593,1199,824,751,550,744,339,1046,972,769,564,620,151,,NHS Lothian,
71364,4612,697,169,570,524,369,305,371,144,533,592,429,325,281,150,,NHS Lothian,
71379,3088,997,286,531,213,86,108,190,224,634,345,187,150,134,153,,NHS Lothian,
71398,5462,825,294,772,562,448,317,381,239,670,644,477,332,326,150,,NHS Lothian,
71401,2372,585,121,264,214,213,186,270,117,228,198,201,187,173,152,,NHS Lothian,
71420,2110,610,82,156,231,199,186,221,96,140,227,210,178,184,156,,NHS Lothian,
71434,6834,497,367,641,636,556,592,714,343,656,666,545,549,569,152,,NHS Lothian,
71449,5986,637,286,542,517,520,486,845,264,479,518,510,405,614,153,,NHS Lothian,
76000,5100,437,250,354,407,514,474,631,256,334,372,514,465,529,145,,NHS Lothian,
76029,4366,404,187,160,283,431,392,802,189,191,257,405,372,697,145,,NHS Lothian,
76033,16117,598,1297,1571,1313,1344,1351,1733,1058,1381,1262,1254,1197,1356,146,,NHS Lothian,
76052,8163,479,405,493,554,773,766,1182,385,488,580,730,748,1059,146,,NHS Lothian,
76071,4057,404,196,228,261,350,398,649,214,294,245,333,363,526,145,,NHS Lothian,
76086,3845,466,169,236,302,405,362,513,192,256,280,378,335,417,145,,NHS Lothian,
76103,4165,491,211,295,311,387,409,555,194,310,286,359,406,442,145,,NHS Lothian,
76122,7240,701,378,663,626,657,602,797,425,578,634,641,601,638,146,,NHS Lothian,
76137,7391,474,298,323,483,722,720,1354,334,343,458,672,636,1048,145,,NHS Lothian,
76141,7410,555,394,632,611,643,663,961,386,626,553,616,594,731,146,,NHS Lothian,
76161,3211,546,162,192,243,318,279,437,157,197,240,319,281,386,145,,NHS Lothian,
76180,3327,463,168,233,292,331,300,430,149,204,251,313,287,369,145,,NHS Lothian,
76194,2298,389,91,88,181,233,213,378,94,96,160,204,237,323,145,,NHS Lothian,
76211,2815,503,124,207,214,276,248,387,128,202,209,249,245,326,146,,NHS Lothian,
76226,11224,647,650,901,939,1068,951,1290,627,867,824,1099,920,1088,146,,NHS Lothian,
77036,4420,559,253,407,446,364,338,532,221,379,384,366,279,451,186,,NHS Lothian,
77055,6518,536,312,521,564,614,575,813,326,463,543,588,547,652,186,,NHS Lothian,
77074,4098,581,188,279,341,346,329,624,222,306,277,373,324,489,186,,NHS Lothian,
77093,5180,550,243,444,479,443,459,659,199,392,457,445,418,542,186,,NHS Lothian,
77106,14183,699,795,1613,1255,1228,1148,1372,788,1349,1265,1178,1106,1086,186,,NHS Lothian,
77111,9605,582,421,677,678,764,882,1479,525,693,677,796,802,1211,186,,NHS Lothian,
77125,4817,526,207,383,420,497,411,522,215,356,387,473,441,505,186,,NHS Lothian,
77159,7021,550,385,638,615,671,527,751,401,603,608,637,537,648,186,,NHS Lothian,
77197,7578,507,344,491,601,683,682,1115,367,534,548,688,624,901,186,,NHS Lothian,
77200,2863,710,147,296,239,236,249,328,137,266,232,202,250,281,186,,NHS Lothian,
77271,7151,506,405,594,606,657,611,935,353,558,522,576,546,788,186,,NHS Lothian,
77286,4661,542,254,423,361,406,375,595,234,368,364,397,348,536,186,,NHS Lothian,
78010,7439,786,437,626,645,727,593,709,487,647,657,749,585,577,243,,NHS Lothian,
78024,10060,553,498,780,816,988,928,1109,552,749,791,975,943,931,243,,NHS Lothian,
78062,5167,683,254,457,462,523,441,505,277,444,445,485,411,463,243,,NHS Lothian,
78077,7106,646,342,618,670,690,539,727,354,615,685,746,514,606,244,,NHS Lothian,
78109,2578,708,126,191,174,233,225,340,121,196,189,260,235,288,244,,NHS Lothian,
78113,5458,624,277,409,434,533,429,734,253,425,471,539,429,525,243,,NHS Lothian,
78128,6836,736,332,610,622,639,500,694,340,628,635,667,572,597,244,,NHS Lothian,
78132,6961,876,415,634,687,669,550,582,389,638,724,673,538,462,244,,NHS Lothian,
78147,7491,672,430,593,504,733,615,906,453,571,517,749,647,773,244,,NHS Lothian,
78166,12720,531,580,774,996,1257,1171,1771,659,759,970,1168,1165,1450,243,,NHS Lothian,
78171,9973,507,424,831,1050,899,834,1066,465,797,966,903,818,920,152,,NHS Lothian,
78185,2800,649,126,359,272,245,193,242,112,295,241,273,219,223,244,,NHS Lothian,
78190,10041,700,553,909,797,887,838,1209,543,809,776,925,800,995,244,,NHS Lothian,
78241,10024,817,533,798,909,1022,743,1136,529,697,912,1044,766,935,244,,NHS Lothian,
78255,9685,715,590,921,827,964,739,937,611,879,856,907,713,741,243,,NHS Lothian,
78260,8270,734,505,641,624,773,753,890,512,785,671,711,672,733,243,,NHS Lothian,
78306,6322,648,320,450,417,587,567,824,326,479,486,590,575,701,243,,NHS Lothian,
78311,6921,842,438,587,545,707,470,671,443,669,641,683,469,598,243,,NHS Lothian,
78330,5719,770,304,494,474,559,460,667,344,458,451,522,453,533,244,,NHS Lothian,
78344,4357,573,271,267,430,537,343,393,255,288,378,498,360,337,243,,NHS Lothian,
78359,7039,625,336,696,828,582,510,651,348,566,814,613,534,561,243,,NHS Lothian,
78397,9622,758,583,906,915,932,675,779,560,890,997,983,689,713,243,,NHS Lothian,
78414,3999,819,224,313,302,374,345,444,250,341,326,351,351,378,244,,NHS Lothian,
80005,7363,664,330,513,498,647,727,1028,327,556,533,644,692,868,241,,NHS Ayrshire & Arran,
80010,3361,654,173,255,240,277,307,493,187,214,242,295,322,356,241,,NHS Ayrshire & Arran,
80058,7014,697,328,493,458,618,717,956,362,539,482,585,683,793,110,,NHS Ayrshire & Arran,
80062,4647,568,196,277,277,398,432,819,213,306,310,398,401,620,110,,NHS Ayrshire & Arran,
80077,1867,600,95,129,116,153,156,308,102,134,144,145,139,246,110,,NHS Ayrshire & Arran,
80081,7685,845,423,642,514,664,608,1042,428,675,592,625,625,847,110,,NHS Ayrshire & Arran,
80096,7331,455,305,385,429,608,681,1396,347,435,451,592,601,1101,110,,NHS Ayrshire & Arran,
80109,6799,630,326,470,465,506,615,1068,341,463,500,567,568,910,110,,NHS Ayrshire & Arran,
80113,6793,589,372,447,415,589,569,1132,329,430,486,582,537,905,110,,NHS Ayrshire & Arran,
80132,1276,323,38,58,69,85,148,209,62,63,81,96,138,229,185,,NHS Ayrshire & Arran,
80147,5117,690,223,322,335,519,498,694,280,364,291,504,490,597,162,,NHS Ayrshire & Arran,
80166,3309,700,131,243,196,306,295,469,150,250,239,291,322,417,177,,NHS Ayrshire & Arran,
80171,10970,667,563,788,773,984,952,1535,589,870,715,959,921,1321,133,,NHS Ayrshire & Arran,
80185,1159,542,56,62,57,95,122,177,50,67,63,119,121,170,185,,NHS Ayrshire & Arran,
80202,2965,691,153,226,194,270,253,412,156,232,209,246,257,357,135,,NHS Ayrshire & Arran,
80217,5068,646,302,360,344,476,427,715,254,348,353,460,455,574,162,,NHS Ayrshire & Arran,
80255,4325,687,166,271,293,393,378,730,197,273,303,370,360,591,176,,NHS Ayrshire & Arran,
80260,5120,572,273,354,337,479,503,702,268,362,325,445,458,614,175,,NHS Ayrshire & Arran,
80274,3556,577,174,228,187,303,330,597,186,240,229,302,289,491,185,,NHS Ayrshire & Arran,
80289,3210,504,175,192,187,269,311,558,181,206,189,251,259,432,185,,NHS Ayrshire & Arran,
80306,7027,864,407,579,667,669,579,694,453,593,645,634,515,592,176,,NHS Ayrshire & Arran,
80330,4798,905,246,430,376,410,399,624,207,392,368,423,385,538,176,,NHS Ayrshire & Arran,
80344,10490,736,511,757,657,934,1038,1534,567,752,693,853,983,1211,176,,NHS Ayrshire & Arran,
80363,6329,791,336,439,475,581,554,824,343,457,474,629,569,648,162,,NHS Ayrshire & Arran,
80378,10853,671,552,843,828,974,892,1504,561,856,827,1005,837,1174,177,,NHS Ayrshire & Arran,
80397,8870,597,472,631,670,831,758,1204,494,598,662,850,771,929,177,,NHS Ayrshire & Arran,
80400,10051,673,466,818,719,933,929,1355,505,741,716,917,878,1074,177,,NHS Ayrshire & Arran,
80414,6841,988,383,630,599,627,536,662,408,634,617,632,562,551,177,,NHS Ayrshire & Arran,
80467,3029,568,149,187,166,266,288,401,160,205,235,282,292,398,185,,NHS Ayrshire & Arran,
80491,3416,562,164,219,207,312,346,552,182,223,208,270,275,458,185,,NHS Ayrshire & Arran,
80518,3194,664,146,226,205,276,325,457,147,235,190,296,286,405,133,,NHS Ayrshire & Arran,
80522,3366,703,192,211,216,330,288,477,177,253,177,310,285,450,135,,NHS Ayrshire & Arran,
80537,8826,611,384,553,631,780,814,1363,454,558,659,781,778,1071,110,,NHS Ayrshire & Arran,
80541,5689,446,199,347,383,459,572,1007,204,349,391,469,512,797,110,,NHS Ayrshire & Arran,
80556,8633,721,492,655,635,801,790,1219,467,627,562,749,677,959,241,,NHS Ayrshire & Arran,
80561,3496,425,115,143,179,282,374,624,182,179,198,302,346,572,209,,NHS Ayrshire & Arran,
80594,8455,533,408,571,695,799,738,1139,411,575,674,800,700,945,175,,NHS Ayrshire & Arran,
80607,9563,536,375,538,614,719,932,1788,449,554,606,752,778,1458,242,,NHS Ayrshire & Arran,
80611,5415,480,242,337,426,515,514,802,252,310,368,453,494,702,242,,NHS Ayrshire & Arran,
80631,4662,491,192,221,311,400,448,863,220,219,264,401,404,719,209,,NHS Ayrshire & Arran,
80679,1097,435,28,39,33,82,134,242,36,52,43,73,121,214,209,,NHS Ayrshire & Arran,
80698,9146,738,491,804,679,884,830,1074,539,733,645,825,811,831,176,,NHS Ayrshire & Arran,
80701,3679,776,182,303,264,291,332,466,170,305,325,329,302,410,241,,NHS Ayrshire & Arran,
80720,7208,647,371,578,517,641,620,941,361,537,497,663,621,861,135,,NHS Ayrshire & Arran,
80749,7394,724,314,494,457,740,725,999,398,533,477,651,692,914,133,,NHS Ayrshire & Arran,
80753,10403,655,514,704,771,853,926,1429,545,716,841,895,910,1299,176,,NHS Ayrshire & Arran,
80768,3497,983,248,325,324,414,326,334,220,307,239,327,242,191,176,,NHS Ayrshire & Arran,
80772,2365,764,118,153,141,213,198,312,129,185,168,227,242,279,133,,NHS Ayrshire & Arran,
80787,6096,637,283,364,379,586,540,837,298,451,421,569,596,772,175,,NHS Ayrshire & Arran,
80842,4471,608,227,353,413,472,410,479,225,323,383,423,377,386,110,,NHS Ayrshire & Arran,
80857,11686,515,441,533,589,987,1097,2414,490,589,665,941,1005,1935,209,,NHS Ayrshire & Arran,
80908,8636,705,429,806,700,755,755,1060,470,730,638,740,723,830,177,,NHS Ayrshire & Arran,
80927,4367,441,156,230,237,292,469,847,175,271,229,334,438,689,209,,NHS Ayrshire & Arran,
80970,3057,623,147,242,197,301,287,390,123,222,220,294,242,392,111,,NHS Ayrshire & Arran,
81012,5491,903,379,496,474,550,425,492,376,479,423,523,425,449,241,,NHS Ayrshire & Arran,
84006,733,345,31,26,37,63,81,144,37,31,32,66,59,126,166,,NHS Highland,
84030,5224,722,205,335,314,453,439,886,257,377,345,466,438,709,168,,NHS Highland,
84063,517,329,8,3,9,35,57,125,18,31,32,32,42,125,168,,NHS Highland,
84097,172,170,5,4,8,19,14,23,11,11,10,11,28,28,167,,NHS Highland,
84129,108,126,11,9,11,13,12,18,4,0,5,0,10,15,167,,NHS Highland,
84191,4300,554,239,235,287,389,430,650,199,250,260,378,411,572,166,,NHS Highland,
84237,3482,506,121,193,190,271,347,605,182,218,233,276,313,533,170,,NHS Highland,
84241,3520,572,149,220,208,294,326,651,162,235,191,267,306,511,170,,NHS Highland,
84256,2525,564,115,142,158,201,214,449,108,173,166,200,205,394,170,,NHS Highland,
84275,919,323,31,31,33,77,121,174,31,46,26,77,108,164,166,,NHS Highland,
84307,977,495,43,57,66,81,91,159,53,54,59,88,73,153,168,,NHS Highland,
84331,1052,453,35,50,71,104,98,152,50,68,72,118,107,127,169,,NHS Highland,
84345,1054,547,39,74,80,102,98,161,38,92,56,88,86,140,169,,NHS Highland,
84350,667,383,31,31,36,58,60,129,31,27,40,47,63,114,169,,NHS Highland,
84383,214,187,1,7,21,17,13,35,14,16,20,24,16,30,169,,NHS Highland,
84415,5642,544,213,313,385,537,535,832,304,333,365,535,566,724,168,,NHS Highland,
84449,429,363,19,29,15,35,48,53,27,25,33,26,46,73,170,,NHS Highland,
84504,795,426,28,47,58,72,74,129,31,37,47,58,89,125,166,,NHS Highland,
84519,1382,673,38,101,101,122,131,211,52,113,83,110,120,200,166,,NHS Highland,
84523,623,397,19,28,48,46,65,117,23,29,38,64,68,78,166,,NHS Highland,
84581,9363,815,493,809,714,725,760,1094,500,865,907,835,810,851,166,,NHS Highland,
84646,5385,591,196,273,254,433,550,992,207,338,297,407,549,889,168,,NHS Highland,
84684,765,379,28,21,37,61,81,129,32,32,51,60,87,146,170,,NHS Highland,
84716,1387,394,47,54,50,140,154,284,46,51,72,97,122,270,170,,NHS Highland,
84740,1399,525,44,94,80,123,134,222,50,102,73,130,155,192,168,,NHS Highland,
84773,976,349,14,36,51,68,113,180,37,62,58,78,98,181,170,,NHS Highland,
84805,560,414,8,37,33,37,58,99,28,28,40,50,59,83,167,,NHS Highland,
84810,987,476,33,38,42,97,98,183,51,54,40,68,131,152,168,,NHS Highland,
85009,947,467,40,70,63,85,95,111,33,69,74,82,107,118,171,,NHS Highland,
85032,2128,577,96,163,153,181,197,291,106,151,174,194,197,225,136,,NHS Greater Glasgow & Cly,
85047,4646,727,253,338,359,381,504,566,255,394,368,351,428,449,136,,NHS Greater Glasgow & Cly,
85066,6775,722,361,570,514,632,614,764,313,572,502,640,632,661,136,,NHS Greater Glasgow & Cly,
85071,2824,599,126,207,234,222,246,323,141,241,245,266,294,279,136,,NHS Greater Glasgow & Cly,
85090,3426,683,187,319,266,313,336,389,180,315,281,300,257,283,136,,NHS Greater Glasgow & Cly,
85117,1540,641,70,100,105,147,145,211,73,99,69,152,173,196,171,,NHS Highland,
85141,8000,576,459,484,539,758,725,1293,462,448,447,647,738,1000,171,,NHS Highland,
85155,7181,491,325,515,512,640,665,1145,350,408,429,638,594,960,171,,NHS Highland,
85193,1998,525,58,87,107,209,239,320,65,95,103,175,218,322,171,,NHS Highland,
85225,4029,612,190,297,289,368,409,568,195,309,258,342,377,427,106,,NHS Greater Glasgow & Cly,
85230,6637,681,356,512,453,678,586,845,352,542,489,583,557,684,106,,NHS Greater Glasgow & Cly,
85259,2905,767,151,259,213,252,276,346,137,237,211,263,273,287,106,,NHS Greater Glasgow & Cly,
85403,7694,802,354,593,609,644,715,1044,371,559,584,708,641,872,106,,NHS Greater Glasgow & Cly,
86001,6732,590,326,397,424,657,648,1106,327,406,385,599,642,815,174,,NHS Greater Glasgow & Cly,
86040,4885,810,253,396,339,414,448,628,240,438,363,460,442,464,172,,NHS Greater Glasgow & Cly,
86177,7616,797,395,504,553,648,711,1043,417,530,660,683,718,754,174,,NHS Greater Glasgow & Cly,
86181,5499,744,263,418,389,487,554,730,269,446,364,464,498,617,174,,NHS Greater Glasgow & Cly,
86196,2352,462,89,85,158,229,202,442,114,86,159,226,208,354,173,,NHS Greater Glasgow & Cly,
86209,2901,434,150,133,188,301,302,429,145,143,169,260,292,389,173,,NHS Greater Glasgow & Cly,
86228,2338,901,132,209,167,175,249,254,114,212,177,209,253,187,172,,NHS Greater Glasgow & Cly,
86271,3317,665,176,222,238,305,249,508,179,245,262,309,240,384,173,,NHS Greater Glasgow & Cly,
86285,3250,702,178,244,246,310,315,461,168,264,229,256,250,329,173,,NHS Greater Glasgow & Cly,
86321,3414,823,166,232,254,289,302,473,190,279,256,311,304,358,173,,NHS Greater Glasgow & Cly,
86336,4115,1001,212,366,286,396,373,459,259,342,296,432,350,344,173,,NHS Greater Glasgow & Cly,
86341,4570,916,260,367,356,401,476,512,233,367,396,414,392,396,174,,NHS Greater Glasgow & Cly,
86355,7617,978,391,595,551,679,705,913,395,628,622,646,774,718,172,,NHS Greater Glasgow & Cly,
86360,8649,744,456,648,578,746,780,1216,454,701,635,740,781,914,172,,NHS Greater Glasgow & Cly,
87019,7052,777,387,565,546,602,636,1011,348,546,524,593,568,726,113,,NHS Greater Glasgow & Cly,
87023,2958,577,198,235,227,281,277,395,167,240,199,217,250,272,113,,NHS Greater Glasgow & Cly,
87108,3096,1002,187,276,240,277,214,255,177,298,287,323,300,262,113,,NHS Greater Glasgow & Cly,
87112,7066,607,286,584,666,590,548,968,320,524,643,531,552,854,245,,NHS Greater Glasgow & Cly,
87146,8333,490,369,441,659,847,735,1166,477,461,648,763,764,1003,247,,NHS Greater Glasgow & Cly,
87165,6898,923,369,564,525,639,624,855,424,522,478,588,659,651,113,,NHS Greater Glasgow & Cly,
87184,7195,621,415,509,581,739,670,831,478,542,566,636,595,633,245,,NHS Greater Glasgow & Cly,
87235,1800,625,65,105,123,146,155,263,98,147,152,173,159,214,245,,NHS Greater Glasgow & Cly,
87240,3343,789,191,256,261,320,272,438,181,276,234,311,279,324,245,,NHS Greater Glasgow & Cly,
87292,5753,856,321,542,411,573,446,710,332,502,395,563,448,510,247,,NHS Greater Glasgow & Cly,
87305,3771,628,201,295,265,329,379,568,180,280,236,322,313,403,248,,NHS Greater Glasgow & Cly,
87324,5413,759,311,424,373,593,503,708,326,402,346,474,452,501,248,,NHS Greater Glasgow & Cly,
87339,4325,704,264,337,315,424,409,531,262,342,304,370,355,412,247,,NHS Greater Glasgow & Cly,
87343,3215,760,147,261,238,281,270,423,167,226,222,320,296,364,248,,NHS Greater Glasgow & Cly,
87409,4658,789,255,386,322,414,436,644,271,356,346,394,387,447,247,,NHS Greater Glasgow & Cly,
87432,3892,575,167,220,247,415,390,569,178,218,269,366,376,477,248,,NHS Greater Glasgow & Cly,
87466,5125,590,378,425,358,480,442,604,346,423,376,422,419,452,223,,NHS Greater Glasgow & Cly,
87471,7218,694,446,711,598,572,553,793,396,757,649,630,525,588,223,,NHS Greater Glasgow & Cly,
87485,2843,1006,138,248,208,239,247,231,163,282,274,262,303,248,224,,NHS Greater Glasgow & Cly,
87490,7640,762,443,726,549,593,603,882,386,832,719,661,570,676,224,,NHS Greater Glasgow & Cly,
87502,5995,587,319,411,335,522,607,892,318,447,381,525,546,692,224,,NHS Greater Glasgow & Cly,
87517,2573,995,130,265,217,227,173,170,171,400,286,238,145,151,223,,NHS Greater Glasgow & Cly,
87521,3405,570,198,209,238,342,313,477,200,248,251,314,266,349,223,,NHS Greater Glasgow & Cly,
87541,5889,600,350,524,436,519,482,719,282,520,513,552,419,573,223,,NHS Greater Glasgow & Cly,
87555,7500,748,352,622,561,678,633,994,369,599,618,679,632,763,224,,NHS Greater Glasgow & Cly,
87560,4666,787,243,396,410,446,344,502,270,362,407,474,384,428,224,,NHS Greater Glasgow & Cly,
87574,2616,1009,183,236,180,199,199,243,190,268,208,252,214,244,224,,NHS Greater Glasgow & Cly,
87606,5162,788,302,490,449,484,440,395,303,450,448,553,466,382,223,,NHS Greater Glasgow & Cly,
87625,9203,695,563,869,678,733,789,1006,538,1014,807,736,744,726,223,,NHS Greater Glasgow & Cly,
87697,5947,654,293,572,541,476,444,691,290,578,594,501,391,576,246,,NHS Greater Glasgow & Cly,
87700,7437,827,389,720,644,627,601,884,387,657,685,605,545,693,246,,NHS Greater Glasgow & Cly,
87714,5721,758,287,520,431,487,449,725,299,481,499,486,446,611,246,,NHS Greater Glasgow & Cly,
87729,4119,1001,211,254,256,341,336,568,202,342,296,433,413,467,247,,NHS Greater Glasgow & Cly,
90031,6434,554,275,418,535,601,523,972,315,421,465,607,585,717,250,,NHS Western Isles,
90098,1069,473,29,63,55,113,74,198,39,67,50,105,96,180,250,,NHS Western Isles,
90101,476,296,25,14,20,48,33,110,2,28,14,54,54,74,250,,NHS Western Isles,
90115,1212,406,16,70,78,98,117,212,38,74,53,105,146,205,250,,NHS Western Isles,
90120,1873,562,82,107,145,169,177,258,80,125,129,183,190,228,250,,NHS Western Isles,
90134,875,428,38,41,54,84,64,151,37,41,55,78,101,131,250,,NHS Western Isles,
90149,989,514,41,50,62,81,100,179,36,66,58,102,81,133,250,,NHS Western Isles,
90172,5079,609,237,286,341,437,460,807,221,337,414,429,442,668,250,,NHS Western Isles,
90204,4429,438,146,194,238,341,450,761,164,228,257,424,496,730,250,,NHS Western Isles,
